Collision Reference No.,Number of Vehicles
1,3
2,2
3,2
4,1
5,2
6,2
7,2
8,1
9,1
10,1
11,1
12,1
13,1
14,1
15,1
16,2
17,2
18,1
19,3
20,2
21,1
22,2
23,2
24,2
25,2
26,5
27,2
28,2
29,2
30,2
31,1
32,2
33,2
34,1
35,2
36,2
37,1
38,2
39,2
40,2
41,1
42,2
43,2
44,3
45,1
46,1
47,2
48,2
49,1
50,1
51,2
52,3
53,1
54,2
55,2
56,2
57,2
58,2
59,2
60,1
61,1
62,1
63,2
64,1
65,1
66,2
67,2
68,2
69,2
70,3
71,2
72,1
73,2
74,2
75,1
76,1
77,2
78,2
79,3
80,2
81,1
82,2
83,1
84,1
85,2
86,2
87,2
88,1
89,2
90,1
91,2
92,2
93,1
94,2
95,2
96,2
97,3
98,2
99,2
100,3
101,4
102,1
103,2
104,2
105,2
106,2
107,2
108,2
109,2
110,4
111,2
112,1
113,2
114,2
115,2
116,2
117,1
118,2
119,3
120,3
121,2
122,2
123,1
124,2
125,1
126,2
127,1
128,2
129,1
130,1
131,1
132,2
133,1
134,2
135,2
136,2
137,2
138,1
139,2
140,2
141,3
142,1
143,2
144,2
145,2
146,1
147,2
148,2
149,2
150,2
151,2
152,2
153,2
154,2
155,1
156,2
157,1
158,3
159,2
160,2
161,2
162,1
163,2
164,1
165,2
166,1
167,2
168,2
169,1
170,1
171,1
172,2
173,1
174,2
175,2
176,2
177,2
178,1
179,2
180,3
181,2
182,2
183,2
184,1
185,2
186,2
187,2
188,2
189,2
190,2
191,1
192,1
193,1
194,1
195,2
196,1
197,2
198,1
199,2
200,1
201,3
202,1
203,2
204,1
205,2
206,2
207,2
208,2
209,2
210,2
211,2
212,2
213,1
214,2
215,2
216,2
217,2
218,3
219,2
220,2
221,2
222,2
223,2
224,3
225,2
226,2
227,1
228,2
229,2
230,2
231,1
232,2
233,1
234,3
235,2
236,2
237,1
238,2
239,2
240,2
241,2
242,2
243,2
244,1
245,2
246,2
247,2
248,1
249,2
250,2
251,2
252,1
253,1
254,2
255,2
256,1
257,2
258,2
259,2
260,1
261,1
262,1
263,2
264,1
265,2
266,2
267,3
268,1
269,1
270,3
271,1
272,2
273,2
274,2
275,2
276,3
277,2
278,2
279,2
280,2
281,2
282,2
283,2
284,2
285,1
286,2
287,2
288,2
289,2
290,1
291,2
292,1
293,1
294,2
295,2
296,5
297,1
298,1
299,3
300,2
301,3
302,2
303,2
304,2
305,2
306,2
307,2
308,2
309,1
310,1
311,1
312,1
313,1
314,3
315,2
316,1
317,2
318,1
319,1
320,2
321,2
322,2
323,1
324,4
325,5
326,2
327,2
328,1
329,2
330,2
331,1
332,2
333,1
334,1
335,2
336,2
337,1
338,2
339,1
340,2
341,1
342,1
343,3
344,2
345,2
346,2
347,2
348,2
349,1
350,2
351,2
352,1
353,1
354,1
355,1
356,2
357,2
358,4
359,1
360,2
361,2
362,1
363,1
364,2
365,3
366,2
367,1
368,1
369,1
370,2
371,3
372,2
373,2
374,2
375,2
376,2
377,2
378,1
379,2
380,2
381,2
382,2
383,1
384,2
385,2
386,2
387,2
388,2
389,2
390,1
391,1
392,2
393,2
394,2
395,2
396,1
397,2
398,2
399,1
400,2
401,1
402,3
403,2
404,1
405,1
406,1
407,1
408,2
409,1
410,2
411,2
412,2
413,7
414,2
415,5
416,2
417,2
418,1
419,1
420,1
421,1
422,1
423,2
424,2
425,2
426,2
427,2
428,2
429,2
430,1
431,1
432,2
433,1
434,2
435,2
436,2
437,1
438,2
439,2
440,2
441,3
442,2
443,2
444,2
445,1
446,2
447,1
448,1
449,1
450,2
451,2
452,2
453,2
454,2
455,1
456,2
457,2
458,2
459,1
460,2
461,2
462,2
463,2
464,2
465,2
466,2
467,1
468,3
469,2
470,2
471,1
472,1
473,2
474,2
475,2
476,2
477,2
478,1
479,2
480,5
481,2
482,2
483,2
484,2
485,3
486,2
487,1
488,2
489,3
490,2
491,1
492,2
493,2
494,2
495,2
496,2
497,3
498,1
499,2
500,1
501,2
502,1
503,2
504,3
505,1
506,1
507,2
508,3
509,2
510,2
511,1
512,1
513,2
514,2
515,2
516,2
517,2
518,2
519,1
520,2
521,1
522,2
523,2
524,2
525,2
526,2
527,1
528,2
529,2
530,2
531,1
532,1
533,2
534,2
535,2
536,1
537,1
538,1
539,1
540,1
541,2
542,2
543,1
544,1
545,2
546,3
547,2
548,1
549,2
550,1
551,1
552,1
553,2
554,1
555,3
556,2
557,1
558,1
559,2
560,1
561,2
562,2
563,2
564,2
565,2
566,1
567,2
568,2
569,2
570,1
571,1
572,2
573,1
574,2
575,3
576,2
577,3
578,2
579,2
580,2
581,1
582,1
583,1
584,2
585,2
586,2
587,2
588,2
589,2
590,1
591,2
592,1
593,2
594,1
595,2
596,1
597,1
598,2
599,2
600,2
601,3
602,2
603,1
604,1
605,2
606,3
607,2
608,1
609,2
610,2
611,2
612,2
613,2
614,1
615,2
616,1
617,2
618,2
619,3
620,1
621,4
622,2
623,2
624,2
625,2
626,3
627,1
628,2
629,3
630,1
631,2
632,2
633,2
634,2
635,2
636,1
637,1
638,1
639,2
640,4
641,1
642,2
643,2
644,2
645,3
646,2
647,2
648,2
649,2
650,2
651,1
652,2
653,1
654,2
655,2
656,2
657,1
658,3
659,2
660,2
661,2
662,1
663,2
664,2
665,2
666,2
667,2
668,1
669,1
670,2
671,2
672,2
673,1
674,2
675,2
676,1
677,2
678,2
679,1
680,2
681,2
682,2
683,2
684,2
685,2
686,1
687,1
688,1
689,2
690,3
691,2
692,2
693,2
694,1
695,2
696,4
697,1
698,2
699,1
700,1
701,2
702,1
703,2
704,2
705,2
706,2
707,2
708,1
709,3
710,2
711,2
712,2
713,2
714,1
715,2
716,2
717,2
718,2
719,2
720,1
721,2
722,2
723,2
724,1
725,2
726,1
727,2
728,1
729,2
730,3
731,2
732,2
733,2
734,2
735,2
736,2
737,1
738,3
739,1
740,1
741,4
742,2
743,1
744,1
745,1
746,1
747,2
748,3
749,3
750,2
751,2
752,2
753,2
754,1
755,2
756,2
757,2
758,2
759,2
760,2
761,1
762,2
763,1
764,2
765,2
766,2
767,2
768,2
769,2
770,2
771,1
772,2
773,2
774,2
775,2
776,1
777,2
778,2
779,2
780,2
781,2
782,2
783,1
784,1
785,1
786,3
787,1
788,1
789,1
790,3
791,2
792,2
793,1
794,3
795,2
796,2
797,2
798,2
799,1
800,1
801,3
802,2
803,2
804,2
805,2
806,2
807,2
808,3
809,2
810,2
811,1
812,2
813,1
814,1
815,1
816,2
817,2
818,1
819,2
820,2
821,2
822,2
823,2
824,2
825,2
826,1
827,2
828,1
829,2
830,2
831,2
832,2
833,2
834,1
835,2
836,2
837,2
838,2
839,1
840,2
841,1
842,1
843,2
844,2
845,3
846,2
847,1
848,2
849,1
850,2
851,2
852,2
853,1
854,2
855,1
856,1
857,2
858,2
859,2
860,2
861,2
862,1
863,2
864,2
865,2
866,2
867,2
868,1
869,1
870,2
871,2
872,2
873,2
874,1
875,1
876,2
877,1
878,3
879,2
880,2
881,2
882,2
883,4
884,3
885,1
886,2
887,2
888,1
889,1
890,2
891,2
892,2
893,2
894,1
895,2
896,2
897,3
898,1
899,2
900,2
901,2
902,2
903,2
904,1
905,1
906,2
907,2
908,1
909,1
910,1
911,4
912,2
913,2
914,2
915,2
916,2
917,2
918,3
919,2
920,2
921,2
922,1
923,2
924,2
925,2
926,1
927,1
928,1
929,2
930,1
931,2
932,2
933,1
934,2
935,2
936,1
937,2
938,2
939,2
940,2
941,2
942,1
943,2
944,1
945,2
946,1
947,4
948,3
949,1
950,3
951,2
952,1
953,2
954,2
955,2
956,1
957,4
958,3
959,2
960,3
961,2
962,2
963,2
964,3
965,2
966,1
967,1
968,4
969,1
970,2
971,2
972,2
973,2
974,1
975,4
976,3
977,2
978,2
979,2
980,2
981,2
982,2
983,2
984,2
985,1
986,2
987,1
988,1
989,1
990,1
991,2
992,2
993,2
994,2
995,2
996,2
997,2
998,1
999,2
1000,2
1001,2
1002,3
1003,2
1004,2
1005,1
1006,2
1007,2
1008,2
1009,2
1010,2
1011,1
1012,2
1013,1
1014,1
1015,1
1016,2
1017,1
1018,2
1019,2
1020,2
1021,2
1022,2
1023,3
1024,2
1025,1
1026,2
1027,2
1028,2
1029,1
1030,1
1031,1
1032,2
1033,1
1034,1
1035,1
1036,1
1037,2
1038,3
1039,1
1040,3
1041,1
1042,2
1043,2
1044,3
1045,3
1046,2
1047,2
1048,2
1049,2
1050,2
1051,1
1052,1
1053,1
1054,3
1055,3
1056,2
1057,1
1058,2
1059,2
1060,2
1061,2
1062,2
1063,2
1064,2
1065,2
1066,2
1067,1
1068,2
1069,2
1070,2
1071,1
1072,3
1073,2
1074,2
1075,1
1076,2
1077,2
1078,2
1079,2
1080,2
1081,1
1082,1
1083,2
1084,1
1085,3
1086,1
1087,2
1088,1
1089,2
1090,2
1091,2
1092,2
1093,2
1094,7
1095,1
1096,2
1097,2
1098,1
1099,2
1100,2
1101,2
1102,2
1103,3
1104,1
1105,2
1106,2
1107,2
1108,2
1109,2
1110,1
1111,1
1112,1
1113,2
1114,2
1115,2
1116,2
1117,2
1118,2
1119,2
1120,1
1121,1
1122,2
1123,2
1124,2
1125,2
1126,1
1127,2
1128,2
1129,2
1130,3
1131,2
1132,2
1133,2
1134,1
1135,1
1136,2
1137,2
1138,1
1139,2
1140,1
1141,2
1142,2
1143,2
1144,2
1145,1
1146,2
1147,2
1148,1
1149,1
1150,2
1151,2
1152,2
1153,2
1154,2
1155,1
1156,3
1157,1
1158,2
1159,2
1160,2
1161,1
1162,1
1163,1
1164,2
1165,2
1166,2
1167,2
1168,1
1169,1
1170,2
1171,2
1172,2
1173,2
1174,2
1175,2
1176,2
1177,2
1178,2
1179,2
1180,2
1181,2
1182,2
1183,1
1184,2
1185,2
1186,2
1187,1
1188,3
1189,1
1190,3
1191,2
1192,2
1193,2
1194,2
1195,2
1196,2
1197,4
1198,2
1199,2
1200,2
1201,2
1202,1
1203,2
1204,2
1205,3
1206,2
1207,3
1208,2
1209,2
1210,3
1211,1
1212,3
1213,3
1214,3
1215,2
1216,1
1217,2
1218,2
1219,2
1220,2
1221,2
1222,1
1223,2
1224,2
1225,1
1226,1
1227,2
1228,1
1229,1
1230,1
1231,2
1232,2
1233,2
1234,2
1235,2
1236,2
1237,1
1238,2
1239,2
1240,1
1241,2
1242,2
1243,2
1244,2
1245,1
1246,2
1247,1
1248,1
1249,1
1250,2
1251,2
1252,1
1253,1
1254,3
1255,2
1256,2
1257,2
1258,2
1259,2
1260,2
1261,2
1262,1
1263,2
1264,1
1265,1
1266,2
1267,2
1268,2
1269,3
1270,2
1271,2
1272,1
1273,1
1274,1
1275,2
1276,2
1277,2
1278,1
1279,1
1280,1
1281,2
1282,2
1283,2
1284,2
1285,3
1286,2
1287,1
1288,1
1289,2
1290,1
1291,1
1292,2
1293,2
1294,1
1295,1
1296,2
1297,1
1298,2
1299,1
1300,2
1301,3
1302,2
1303,2
1304,2
1305,2
1306,2
1307,2
1308,2
1309,2
1310,2
1311,1
1312,2
1313,2
1314,2
1315,2
1316,3
1317,2
1318,2
1319,3
1320,2
1321,1
1322,1
1323,2
1324,2
1325,1
1326,2
1327,1
1328,2
1329,2
1330,2
1331,2
1332,2
1333,1
1334,1
1335,2
1336,2
1337,2
1338,1
1339,2
1340,3
1341,2
1342,1
1343,2
1344,2
1345,1
1346,2
1347,2
1348,2
1349,2
1350,1
1351,1
1352,1
1353,2
1354,2
1355,3
1356,2
1357,3
1358,2
1359,3
1360,2
1361,2
1362,2
1363,2
1364,3
1365,2
1366,2
1367,1
1368,2
1369,2
1370,2
1371,1
1372,3
1373,1
1374,3
1375,2
1376,2
1377,1
1378,1
1379,1
1380,2
1381,1
1382,1
1383,2
1384,1
1385,3
1386,2
1387,2
1388,1
1389,3
1390,2
1391,1
1392,2
1393,2
1394,2
1395,2
1396,1
1397,2
1398,2
1399,2
1400,2
1401,2
1402,1
1403,2
1404,2
1405,2
1406,1
1407,2
1408,1
1409,2
1410,2
1411,1
1412,2
1413,1
1414,2
1415,2
1416,2
1417,2
1418,1
1419,3
1420,3
1421,2
1422,2
1423,2
1424,2
1425,2
1426,2
1427,2
1428,1
1429,3
1430,1
1431,2
1432,2
1433,1
1434,2
1435,1
1436,2
1437,2
1438,1
1439,2
1440,1
1441,1
1442,2
1443,1
1444,1
1445,2
1446,2
1447,1
1448,1
1449,2
1450,2
1451,2
1452,2
1453,2
1454,2
1455,1
1456,4
1457,2
1458,2
1459,2
1460,2
1461,3
1462,2
1463,1
1464,2
1465,2
1466,2
1467,2
1468,3
1469,1
1470,1
1471,2
1472,1
1473,1
1474,2
1475,2
1476,2
1477,2
1478,2
1479,2
1480,2
1481,2
1482,2
1483,2
1484,1
1485,1
1486,2
1487,1
1488,2
1489,1
1490,2
1491,2
1492,2
1493,2
1494,1
1495,1
1496,1
1497,1
1498,2
1499,2
1500,2
1501,2
1502,1
1503,1
1504,2
1505,2
1506,2
1507,2
1508,2
1509,2
1510,2
1511,2
1512,2
1513,2
1514,2
1515,2
1516,2
1517,3
1518,1
1519,2
1520,2
1521,2
1522,2
1523,2
1524,2
1525,4
1526,2
1527,1
1528,2
1529,1
1530,2
1531,2
1532,1
1533,2
1534,1
1535,2
1536,2
1537,3
1538,2
1539,2
1540,2
1541,1
1542,2
1543,3
1544,2
1545,2
1546,2
1547,1
1548,3
1549,3
1550,1
1551,2
1552,1
1553,2
1554,2
1555,2
1556,2
1557,2
1558,1
1559,3
1560,1
1561,2
1562,2
1563,3
1564,1
1565,2
1566,1
1567,2
1568,1
1569,2
1570,1
1571,2
1572,4
1573,3
1574,1
1575,2
1576,2
1577,2
1578,2
1579,2
1580,1
1581,2
1582,2
1583,2
1584,2
1585,2
1586,2
1587,2
1588,2
1589,2
1590,1
1591,2
1592,1
1593,2
1594,2
1595,1
1596,1
1597,2
1598,1
1599,2
1600,2
1601,2
1602,2
1603,1
1604,2
1605,2
1606,2
1607,2
1608,3
1609,1
1610,2
1611,1
1612,2
1613,1
1614,2
1615,3
1616,2
1617,1
1618,2
1619,1
1620,1
1621,1
1622,2
1623,3
1624,1
1625,2
1626,2
1627,2
1628,2
1629,2
1630,1
1631,3
1632,2
1633,4
1634,2
1635,2
1636,1
1637,2
1638,2
1639,2
1640,2
1641,1
1642,2
1643,2
1644,2
1645,2
1646,2
1647,1
1648,2
1649,2
1650,1
1651,1
1652,2
1653,2
1654,2
1655,2
1656,2
1657,1
1658,2
1659,1
1660,2
1661,2
1662,2
1663,2
1664,1
1665,2
1666,2
1667,3
1668,3
1669,2
1670,2
1671,1
1672,2
1673,2
1674,2
1675,2
1676,2
1677,3
1678,1
1679,2
1680,2
1681,1
1682,1
1683,1
1684,2
1685,1
1686,1
1687,2
1688,2
1689,2
1690,2
1691,2
1692,1
1693,2
1694,2
1695,2
1696,2
1697,1
1698,2
1699,2
1700,2
1701,2
1702,1
1703,2
1704,1
1705,1
1706,1
1707,3
1708,2
1709,2
1710,1
1711,2
1712,2
1713,2
1714,2
1715,4
1716,2
1717,2
1718,2
1719,1
1720,1
1721,1
1722,2
1723,4
1724,5
1725,2
1726,2
1727,2
1728,2
1729,1
1730,2
1731,2
1732,2
1733,1
1734,2
1735,2
1736,2
1737,2
1738,1
1739,2
1740,2
1741,2
1742,2
1743,2
1744,1
1745,3
1746,1
1747,2
1748,2
1749,2
1750,2
1751,2
1752,1
1753,2
1754,2
1755,1
1756,1
1757,2
1758,2
1759,2
1760,2
1761,2
1762,2
1763,1
1764,2
1765,2
1766,2
1767,3
1768,1
1769,1
1770,1
1771,2
1772,2
1773,2
1774,2
1775,2
1776,1
1777,2
1778,2
1779,2
1780,3
1781,2
1782,1
1783,2
1784,1
1785,1
1786,1
1787,3
1788,3
1789,2
1790,2
1791,2
1792,2
1793,1
1794,1
1795,3
1796,2
1797,2
1798,1
1799,2
1800,2
1801,1
1802,2
1803,2
1804,1
1805,2
1806,2
1807,4
1808,1
1809,2
1810,2
1811,2
1812,2
1813,2
1814,3
1815,2
1816,2
1817,1
1818,2
1819,1
1820,2
1821,2
1822,2
1823,2
1824,2
1825,2
1826,2
1827,1
1828,2
1829,2
1830,2
1831,1
1832,2
1833,2
1834,2
1835,1
1836,2
1837,2
1838,2
1839,1
1840,2
1841,2
1842,3
1843,2
1844,1
1845,1
1846,2
1847,2
1848,1
1849,2
1850,2
1851,2
1852,1
1853,2
1854,1
1855,1
1856,2
1857,2
1858,3
1859,2
1860,2
1861,2
1862,2
1863,2
1864,1
1865,2
1866,2
1867,3
1868,2
1869,1
1870,2
1871,2
1872,2
1873,2
1874,1
1875,2
1876,3
1877,2
1878,2
1879,3
1880,2
1881,2
1882,1
1883,2
1884,2
1885,2
1886,2
1887,1
1888,1
1889,1
1890,1
1891,2
1892,2
1893,1
1894,2
1895,2
1896,3
1897,2
1898,1
1899,1
1900,5
1901,2
1902,1
1903,1
1904,2
1905,2
1906,2
1907,1
1908,2
1909,2
1910,2
1911,2
1912,1
1913,2
1914,2
1915,2
1916,2
1917,2
1918,2
1919,2
1920,2
1921,2
1922,2
1923,3
1924,1
1925,2
1926,2
1927,2
1928,1
1929,2
1930,1
1931,2
1932,2
1933,2
1934,3
1935,1
1936,2
1937,3
1938,2
1939,2
1940,2
1941,2
1942,2
1943,2
1944,2
1945,2
1946,2
1947,1
1948,2
1949,2
1950,2
1951,1
1952,2
1953,2
1954,2
1955,1
1956,2
1957,1
1958,2
1959,1
1960,2
1961,2
1962,3
1963,2
1964,2
1965,1
1966,2
1967,1
1968,2
1969,3
1970,2
1971,1
1972,2
1973,2
1974,2
1975,2
1976,2
1977,2
1978,1
1979,1
1980,2
1981,1
1982,1
1983,2
1984,2
1985,2
1986,2
1987,2
1988,2
1989,2
1990,1
1991,2
1992,2
1993,2
1994,2
1995,2
1996,2
1997,2
1998,1
1999,3
2000,3
2001,2
2002,2
2003,2
2004,2
2005,2
2006,2
2007,2
2008,1
2009,2
2010,2
2011,2
2012,2
2013,2
2014,1
2015,2
2016,2
2017,1
2018,2
2019,2
2020,1
2021,2
2022,2
2023,2
2024,2
2025,2
2026,2
2027,2
2028,2
2029,1
2030,2
2031,3
2032,2
2033,2
2034,4
2035,1
2036,2
2037,2
2038,2
2039,2
2040,2
2041,2
2042,2
2043,2
2044,5
2045,2
2046,2
2047,2
2048,2
2049,2
2050,1
2051,1
2052,2
2053,3
2054,2
2055,2
2056,2
2057,2
2058,2
2059,2
2060,2
2061,2
2062,1
2063,2
2064,2
2065,2
2066,2
2067,1
2068,2
2069,1
2070,2
2071,1
2072,3
2073,2
2074,2
2075,1
2076,1
2077,3
2078,1
2079,1
2080,2
2081,1
2082,1
2083,2
2084,2
2085,3
2086,2
2087,2
2088,2
2089,1
2090,2
2091,2
2092,2
2093,2
2094,2
2095,1
2096,1
2097,1
2098,2
2099,1
2100,2
2101,2
2102,2
2103,2
2104,2
2105,1
2106,2
2107,2
2108,1
2109,3
2110,2
2111,2
2112,2
2113,2
2114,2
2115,2
2116,2
2117,2
2118,2
2119,2
2120,2
2121,2
2122,1
2123,2
2124,2
2125,2
2126,2
2127,2
2128,2
2129,2
2130,3
2131,3
2132,2
2133,2
2134,2
2135,2
2136,2
2137,2
2138,1
2139,1
2140,1
2141,3
2142,1
2143,2
2144,1
2145,2
2146,2
2147,2
2148,2
2149,2
2150,2
2151,2
2152,1
2153,2
2154,2
2155,2
2156,1
2157,2
2158,1
2159,2
2160,1
2161,2
2162,2
2163,2
2164,2
2165,1
2166,3
2167,2
2168,1
2169,2
2170,3
2171,2
2172,2
2173,2
2174,2
2175,1
2176,4
2177,2
2178,2
2179,2
2180,2
2181,2
2182,2
2183,2
2184,2
2185,2
2186,2
2187,1
2188,2
2189,1
2190,2
2191,1
2192,2
2193,2
2194,4
2195,2
2196,2
2197,2
2198,2
2199,1
2200,1
2201,2
2202,3
2203,2
2204,2
2205,2
2206,2
2207,2
2208,2
2209,2
2210,2
2211,2
2212,1
2213,1
2214,1
2215,2
2216,2
2217,2
2218,2
2219,1
2220,2
2221,1
2222,2
2223,2
2224,1
2225,2
2226,2
2227,2
2228,1
2229,2
2230,2
2231,1
2232,1
2233,1
2234,2
2235,2
2236,2
2237,3
2238,2
2239,2
2240,2
2241,2
2242,1
2243,2
2244,2
2245,2
2246,2
2247,2
2248,2
2249,2
2250,2
2251,1
2252,2
2253,2
2254,1
2255,2
2256,2
2257,2
2258,2
2259,3
2260,2
2261,2
2262,2
2263,1
2264,2
2265,1
2266,2
2267,2
2268,3
2269,1
2270,1
2271,2
2272,2
2273,2
2274,2
2275,2
2276,1
2277,2
2278,2
2279,2
2280,2
2281,2
2282,1
2283,2
2284,1
2285,1
2286,2
2287,2
2288,2
2289,1
2290,2
2291,1
2292,1
2293,2
2294,3
2295,2
2296,2
2297,2
2298,3
2299,1
2300,2
2301,2
2302,1
2303,2
2304,2
2305,2
2306,2
2307,2
2308,2
2309,2
2310,2
2311,2
2312,3
2313,2
2314,2
2315,2
2316,1
2317,2
2318,2
2319,2
2320,2
2321,1
2322,1
2323,1
2324,1
2325,1
2326,2
2327,2
2328,3
2329,1
2330,2
2331,1
2332,2
2333,1
2334,2
2335,1
2336,2
2337,1
2338,2
2339,2
2340,2
2341,1
2342,2
2343,2
2344,2
2345,1
2346,2
2347,2
2348,2
2349,2
2350,2
2351,1
2352,1
2353,2
2354,2
2355,2
2356,2
2357,2
2358,1
2359,2
2360,3
2361,2
2362,2
2363,2
2364,2
2365,1
2366,2
2367,1
2368,2
2369,1
2370,2
2371,2
2372,2
2373,1
2374,2
2375,2
2376,2
2377,2
2378,2
2379,2
2380,1
2381,2
2382,2
2383,3
2384,1
2385,2
2386,1
2387,2
2388,1
2389,3
2390,2
2391,1
2392,1
2393,2
2394,2
2395,2
2396,2
2397,2
2398,1
2399,2
2400,1
2401,3
2402,2
2403,2
2404,2
2405,2
2406,2
2407,2
2408,2
2409,1
2410,2
2411,3
2412,1
2413,2
2414,1
2415,2
2416,2
2417,1
2418,2
2419,1
2420,2
2421,1
2422,1
2423,2
2424,1
2425,2
2426,2
2427,3
2428,2
2429,1
2430,1
2431,4
2432,1
2433,2
2434,3
2435,2
2436,2
2437,2
2438,2
2439,1
2440,2
2441,2
2442,3
2443,2
2444,1
2445,1
2446,2
2447,1
2448,2
2449,1
2450,1
2451,2
2452,1
2453,1
2454,1
2455,1
2456,2
2457,1
2458,2
2459,2
2460,2
2461,2
2462,2
2463,2
2464,2
2465,1
2466,2
2467,1
2468,2
2469,2
2470,2
2471,1
2472,3
2473,2
2474,1
2475,3
2476,1
2477,2
2478,1
2479,1
2480,2
2481,2
2482,2
2483,2
2484,6
2485,1
2486,1
2487,2
2488,3
2489,2
2490,1
2491,2
2492,1
2493,2
2494,1
2495,2
2496,2
2497,1
2498,3
2499,1
2500,1
2501,1
2502,2
2503,2
2504,2
2505,2
2506,3
2507,2
2508,2
2509,2
2510,2
2511,2
2512,2
2513,2
2514,1
2515,3
2516,2
2517,2
2518,2
2519,2
2520,3
2521,2
2522,2
2523,1
2524,2
2525,1
2526,2
2527,2
2528,2
2529,2
2530,2
2531,3
2532,1
2533,1
2534,2
2535,1
2536,2
2537,2
2538,1
2539,2
2540,2
2541,3
2542,2
2543,2
2544,2
2545,2
2546,2
2547,1
2548,2
2549,1
2550,1
2551,2
2552,2
2553,1
2554,2
2555,2
2556,2
2557,1
2558,1
2559,2
2560,1
2561,1
2562,2
2563,2
2564,2
2565,2
2566,2
2567,3
2568,2
2569,2
2570,1
2571,1
2572,2
2573,2
2574,1
2575,1
2576,1
2577,2
2578,2
2579,2
2580,2
2581,2
2582,2
2583,2
2584,2
2585,1
2586,1
2587,1
2588,1
2589,3
2590,1
2591,1
2592,2
2593,2
2594,2
2595,1
2596,2
2597,2
2598,2
2599,2
2600,2
2601,1
2602,2
2603,1
2604,2
2605,2
2606,2
2607,2
2608,2
2609,2
2610,1
2611,1
2612,1
2613,2
2614,1
2615,2
2616,1
2617,2
2618,2
2619,2
2620,2
2621,2
2622,2
2623,2
2624,1
2625,4
2626,2
2627,2
2628,2
2629,3
2630,2
2631,2
2632,2
2633,3
2634,2
2635,2
2636,2
2637,2
2638,2
2639,2
2640,3
2641,2
2642,2
2643,2
2644,2
2645,2
2646,2
2647,1
2648,2
2649,2
2650,2
2651,2
2652,2
2653,2
2654,2
2655,2
2656,3
2657,2
2658,2
2659,3
2660,1
2661,2
2662,2
2663,4
2664,2
2665,2
2666,2
2667,2
2668,2
2669,2
2670,2
2671,1
2672,2
2673,2
2674,2
2675,2
2676,2
2677,2
2678,2
2679,2
2680,2
2681,2
2682,1
2683,1
2684,2
2685,2
2686,1
2687,2
2688,2
2689,2
2690,2
2691,1
2692,2
2693,2
2694,2
2695,1
2696,2
2697,2
2698,2
2699,1
2700,2
2701,2
2702,1
2703,2
2704,2
2705,1
2706,2
2707,1
2708,2
2709,1
2710,2
2711,2
2712,1
2713,2
2714,1
2715,2
2716,2
2717,2
2718,2
2719,2
2720,1
2721,2
2722,2
2723,2
2724,2
2725,2
2726,2
2727,2
2728,2
2729,3
2730,2
2731,1
2732,2
2733,2
2734,2
2735,2
2736,1
2737,3
2738,1
2739,2
2740,4
2741,2
2742,1
2743,3
2744,2
2745,2
2746,2
2747,3
2748,2
2749,1
2750,2
2751,2
2752,1
2753,2
2754,1
2755,2
2756,2
2757,2
2758,1
2759,2
2760,1
2761,2
2762,2
2763,2
2764,1
2765,2
2766,2
2767,1
2768,2
2769,2
2770,2
2771,2
2772,2
2773,2
2774,3
2775,2
2776,2
2777,2
2778,2
2779,2
2780,2
2781,2
2782,2
2783,2
2784,2
2785,2
2786,2
2787,2
2788,2
2789,1
2790,1
2791,1
2792,2
2793,2
2794,2
2795,2
2796,2
2797,2
2798,2
2799,1
2800,2
2801,2
2802,2
2803,2
2804,1
2805,2
2806,1
2807,2
2808,2
2809,2
2810,1
2811,2
2812,1
2813,3
2814,1
2815,3
2816,2
2817,1
2818,2
2819,2
2820,2
2821,1
2822,3
2823,2
2824,2
2825,1
2826,3
2827,1
2828,2
2829,2
2830,2
2831,2
2832,1
2833,1
2834,1
2835,2
2836,2
2837,2
2838,2
2839,2
2840,2
2841,1
2842,2
2843,1
2844,1
2845,1
2846,2
2847,2
2848,2
2849,2
2850,2
2851,2
2852,2
2853,2
2854,2
2855,2
2856,2
2857,2
2858,2
2859,1
2860,2
2861,2
2862,2
2863,2
2864,2
2865,2
2866,2
2867,2
2868,1
2869,2
2870,1
2871,2
2872,1
2873,1
2874,2
2875,2
2876,1
2877,2
2878,1
2879,1
2880,1
2881,2
2882,2
2883,2
2884,2
2885,2
2886,2
2887,1
2888,1
2889,2
2890,1
2891,2
2892,2
2893,2
2894,2
2895,2
2896,2
2897,2
2898,2
2899,2
2900,4
2901,3
2902,2
2903,2
2904,2
2905,1
2906,1
2907,1
2908,2
2909,2
2910,2
2911,3
2912,2
2913,2
2914,2
2915,2
2916,2
2917,1
2918,2
2919,2
2920,1
2921,1
2922,2
2923,1
2924,2
2925,2
2926,1
2927,1
2928,2
2929,2
2930,1
2931,1
2932,1
2933,1
2934,2
2935,2
2936,1
2937,1
2938,2
2939,2
2940,2
2941,2
2942,2
2943,2
2944,2
2945,2
2946,1
2947,2
2948,2
2949,1
2950,2
2951,2
2952,3
2953,2
2954,2
2955,3
2956,2
2957,2
2958,2
2959,2
2960,2
2961,1
2962,1
2963,1
2964,2
2965,2
2966,1
2967,3
2968,2
2969,2
2970,2
2971,1
2972,2
2973,2
2974,2
2975,1
2976,1
2977,2
2978,2
2979,2
2980,1
2981,3
2982,2
2983,2
2984,2
2985,6
2986,1
2987,2
2988,1
2989,3
2990,2
2991,2
2992,1
2993,2
2994,2
2995,2
2996,2
2997,2
2998,2
2999,2
3000,2
3001,2
3002,2
3003,3
3004,2
3005,2
3006,1
3007,2
3008,1
3009,2
3010,2
3011,3
3012,2
3013,2
3014,2
3015,2
3016,2
3017,2
3018,3
3019,2
3020,1
3021,2
3022,2
3023,1
3024,1
3025,2
3026,2
3027,2
3028,3
3029,2
3030,1
3031,2
3032,1
3033,1
3034,1
3035,1
3036,3
3037,2
3038,3
3039,2
3040,2
3041,2
3042,2
3043,2
3044,2
3045,2
3046,2
3047,2
3048,1
3049,1
3050,2
3051,2
3052,2
3053,2
3054,2
3055,3
3056,1
3057,3
3058,2
3059,2
3060,2
3061,2
3062,1
3063,1
3064,2
3065,2
3066,1
3067,2
3068,1
3069,1
3070,2
3071,2
3072,2
3073,1
3074,1
3075,2
3076,2
3077,2
3078,2
3079,2
3080,2
3081,2
3082,1
3083,1
3084,1
3085,2
3086,1
3087,2
3088,2
3089,2
3090,2
3091,1
3092,1
3093,2
3094,2
3095,2
3096,2
3097,3
3098,1
3099,2
3100,1
3101,2
3102,2
3103,1
3104,2
3105,2
3106,3
3107,2
3108,1
3109,2
3110,2
3111,1
3112,2
3113,2
3114,2
3115,2
3116,2
3117,1
3118,1
3119,2
3120,1
3121,2
3122,2
3123,2
3124,2
3125,2
3126,1
3127,1
3128,2
3129,2
3130,2
3131,2
3132,2
3133,2
3134,1
3135,2
3136,2
3137,2
3138,1
3139,1
3140,1
3141,2
3142,3
3143,2
3144,2
3145,1
3146,2
3147,2
3148,2
3149,1
3150,2
3151,4
3152,1
3153,2
3154,2
3155,1
3156,2
3157,2
3158,2
3159,1
3160,2
3161,2
3162,2
3163,1
3164,2
3165,3
3166,2
3167,3
3168,2
3169,1
3170,1
3171,2
3172,2
3173,1
3174,1
3175,1
3176,2
3177,1
3178,1
3179,1
3180,3
3181,2
3182,3
3183,2
3184,1
3185,1
3186,1
3187,1
3188,1
3189,1
3190,2
3191,2
3192,1
3193,1
3194,2
3195,2
3196,2
3197,2
3198,2
3199,1
3200,2
3201,2
3202,2
3203,2
3204,1
3205,2
3206,1
3207,2
3208,2
3209,1
3210,1
3211,2
3212,2
3213,2
3214,1
3215,2
3216,2
3217,2
3218,1
3219,2
3220,2
3221,3
3222,3
3223,2
3224,1
3225,2
3226,2
3227,2
3228,3
3229,2
3230,1
3231,2
3232,2
3233,1
3234,2
3235,2
3236,1
3237,2
3238,1
3239,2
3240,1
3241,1
3242,2
3243,2
3244,2
3245,2
3246,2
3247,2
3248,2
3249,2
3250,3
3251,2
3252,1
3253,1
3254,2
3255,1
3256,1
3257,2
3258,1
3259,1
3260,2
3261,2
3262,1
3263,1
3264,2
3265,2
3266,2
3267,2
3268,1
3269,1
3270,2
3271,1
3272,1
3273,2
3274,1
3275,2
3276,1
3277,2
3278,3
3279,2
3280,1
3281,2
3282,2
3283,1
3284,1
3285,1
3286,1
3287,1
3288,2
3289,2
3290,2
3291,2
3292,2
3293,1
3294,2
3295,2
3296,2
3297,2
3298,3
3299,2
3300,1
3301,2
3302,2
3303,2
3304,2
3305,2
3306,1
3307,2
3308,1
3309,1
3310,2
3311,2
3312,2
3313,1
3314,3
3315,2
3316,2
3317,1
3318,2
3319,2
3320,1
3321,2
3322,2
3323,2
3324,2
3325,2
3326,1
3327,2
3328,2
3329,2
3330,2
3331,2
3332,2
3333,2
3334,2
3335,2
3336,2
3337,2
3338,2
3339,2
3340,2
3341,1
3342,1
3343,2
3344,2
3345,2
3346,2
3347,1
3348,2
3349,1
3350,2
3351,2
3352,2
3353,2
3354,1
3355,3
3356,2
3357,3
3358,2
3359,1
3360,1
3361,2
3362,2
3363,2
3364,2
3365,2
3366,2
3367,2
3368,2
3369,2
3370,2
3371,2
3372,1
3373,2
3374,3
3375,3
3376,2
3377,2
3378,2
3379,2
3380,1
3381,1
3382,2
3383,1
3384,2
3385,1
3386,2
3387,2
3388,1
3389,2
3390,2
3391,2
3392,2
3393,1
3394,1
3395,1
3396,2
3397,2
3398,2
3399,2
3400,2
3401,2
3402,2
3403,1
3404,2
3405,3
3406,3
3407,2
3408,2
3409,2
3410,1
3411,2
3412,2
3413,1
3414,1
3415,1
3416,1
3417,2
3418,2
3419,1
3420,2
3421,2
3422,2
3423,2
3424,2
3425,2
3426,2
3427,2
3428,2
3429,2
3430,1
3431,2
3432,2
3433,2
3434,1
3435,2
3436,3
3437,2
3438,2
3439,2
3440,2
3441,2
3442,2
3443,1
3444,2
3445,2
3446,2
3447,3
3448,2
3449,2
3450,2
3451,2
3452,2
3453,2
3454,2
3455,2
3456,1
3457,2
3458,2
3459,1
3460,2
3461,2
3462,1
3463,2
3464,1
3465,2
3466,3
3467,2
3468,1
3469,3
3470,2
3471,2
3472,2
3473,2
3474,3
3475,2
3476,2
3477,2
3478,1
3479,2
3480,2
3481,1
3482,2
3483,2
3484,2
3485,2
3486,2
3487,2
3488,3
3489,2
3490,2
3491,1
3492,2
3493,2
3494,2
3495,2
3496,2
3497,2
3498,2
3499,2
3500,1
3501,1
3502,1
3503,1
3504,1
3505,1
3506,2
3507,2
3508,2
3509,2
3510,2
3511,2
3512,1
3513,1
3514,2
3515,2
3516,3
3517,2
3518,2
3519,1
3520,1
3521,1
3522,2
3523,1
3524,2
3525,2
3526,2
3527,2
3528,2
3529,2
3530,2
3531,2
3532,3
3533,1
3534,2
3535,3
3536,1
3537,2
3538,2
3539,2
3540,2
3541,2
3542,2
3543,2
3544,2
3545,2
3546,3
3547,2
3548,2
3549,1
3550,2
3551,1
3552,2
3553,2
3554,2
3555,1
3556,2
3557,2
3558,2
3559,2
3560,3
3561,2
3562,1
3563,1
3564,3
3565,2
3566,2
3567,2
3568,1
3569,2
3570,1
3571,3
3572,2
3573,2
3574,3
3575,1
3576,1
3577,2
3578,2
3579,2
3580,2
3581,1
3582,2
3583,2
3584,2
3585,2
3586,2
3587,1
3588,2
3589,1
3590,2
3591,2
3592,2
3593,2
3594,3
3595,1
3596,2
3597,1
3598,2
3599,1
3600,2
3601,1
3602,2
3603,2
3604,1
3605,1
3606,1
3607,2
3608,1
3609,2
3610,2
3611,1
3612,1
3613,2
3614,1
3615,1
3616,3
3617,2
3618,2
3619,2
3620,2
3621,1
3622,2
3623,1
3624,2
3625,2
3626,2
3627,3
3628,2
3629,2
3630,2
3631,3
3632,2
3633,1
3634,2
3635,2
3636,2
3637,2
3638,2
3639,2
3640,2
3641,2
3642,2
3643,2
3644,2
3645,2
3646,1
3647,3
3648,2
3649,1
3650,3
3651,2
3652,2
3653,2
3654,2
3655,2
3656,2
3657,2
3658,2
3659,2
3660,3
3661,2
3662,2
3663,2
3664,1
3665,2
3666,2
3667,2
3668,2
3669,1
3670,2
3671,1
3672,2
3673,3
3674,2
3675,2
3676,3
3677,2
3678,2
3679,1
3680,2
3681,2
3682,1
3683,1
3684,2
3685,3
3686,3
3687,1
3688,2
3689,3
3690,1
3691,2
3692,2
3693,1
3694,2
3695,1
3696,1
3697,2
3698,1
3699,2
3700,2
3701,2
3702,3
3703,1
3704,2
3705,2
3706,2
3707,2
3708,1
3709,1
3710,2
3711,2
3712,2
3713,2
3714,1
3715,2
3716,2
3717,2
3718,1
3719,1
3720,2
3721,2
3722,1
3723,2
3724,1
3725,2
3726,1
3727,1
3728,2
3729,2
3730,2
3731,2
3732,2
3733,2
3734,2
3735,1
3736,1
3737,2
3738,2
3739,2
3740,2
3741,2
3742,3
3743,2
3744,2
3745,2
3746,2
3747,2
3748,2
3749,1
3750,2
3751,1
3752,2
3753,2
3754,2
3755,3
3756,2
3757,2
3758,2
3759,1
3760,2
3761,2
3762,2
3763,4
3764,2
3765,2
3766,3
3767,1
3768,3
3769,2
3770,2
3771,2
3772,2
3773,1
3774,1
3775,1
3776,1
3777,2
3778,2
3779,2
3780,2
3781,2
3782,3
3783,1
3784,2
3785,2
3786,3
3787,2
3788,2
3789,2
3790,2
3791,1
3792,2
3793,2
3794,3
3795,1
3796,2
3797,2
3798,2
3799,1
3800,2
3801,2
3802,1
3803,2
3804,2
3805,2
3806,2
3807,2
3808,3
3809,1
3810,1
3811,2
3812,2
3813,2
3814,2
3815,2
3816,2
3817,2
3818,2
3819,1
3820,1
3821,1
3822,3
3823,1
3824,3
3825,3
3826,1
3827,2
3828,2
3829,1
3830,2
3831,1
3832,3
3833,2
3834,1
3835,1
3836,1
3837,2
3838,2
3839,2
3840,1
3841,2
3842,2
3843,2
3844,2
3845,2
3846,1
3847,1
3848,1
3849,2
3850,2
3851,2
3852,2
3853,4
3854,2
3855,2
3856,2
3857,1
3858,2
3859,2
3860,2
3861,1
3862,2
3863,2
3864,2
3865,2
3866,2
3867,2
3868,1
3869,1
3870,2
3871,3
3872,1
3873,2
3874,2
3875,2
3876,2
3877,3
3878,2
3879,2
3880,3
3881,2
3882,1
3883,1
3884,2
3885,1
3886,2
3887,1
3888,1
3889,1
3890,2
3891,2
3892,2
3893,2
3894,1
3895,2
3896,1
3897,2
3898,2
3899,2
3900,2
3901,1
3902,2
3903,2
3904,1
3905,2
3906,2
3907,1
3908,2
3909,1
3910,2
3911,2
3912,2
3913,1
3914,3
3915,1
3916,1
3917,4
3918,4
3919,2
3920,2
3921,2
3922,2
3923,1
3924,2
3925,1
3926,2
3927,5
3928,2
3929,3
3930,2
3931,2
3932,2
3933,2
3934,2
3935,1
3936,2
3937,2
3938,1
3939,2
3940,2
3941,2
3942,1
3943,2
3944,2
3945,1
3946,2
3947,2
3948,2
3949,2
3950,1
3951,2
3952,2
3953,2
3954,2
3955,1
3956,1
3957,2
3958,2
3959,3
3960,2
3961,2
3962,1
3963,1
3964,2
3965,2
3966,1
3967,2
3968,2
3969,2
3970,2
3971,2
3972,1
3973,2
3974,2
3975,2
3976,2
3977,2
3978,2
3979,2
3980,1
3981,1
3982,2
3983,2
3984,2
3985,1
3986,2
3987,1
3988,2
3989,2
3990,2
3991,2
3992,2
3993,2
3994,1
3995,2
3996,3
3997,2
3998,1
3999,1
4000,2
4001,1
4002,2
4003,1
4004,1
4005,2
4006,2
4007,2
4008,2
4009,2
4010,1
4011,2
4012,2
4013,2
4014,2
4015,2
4016,2
4017,3
4018,2
4019,2
4020,2
4021,1
4022,2
4023,1
4024,2
4025,2
4026,2
4027,1
4028,1
4029,1
4030,1
4031,2
4032,2
4033,2
4034,1
4035,1
4036,3
4037,2
4038,1
4039,1
4040,1
4041,3
4042,2
4043,1
4044,2
4045,5
4046,2
4047,2
4048,2
4049,2
4050,1
4051,1
4052,2
4053,2
4054,2
4055,2
4056,1
4057,2
4058,3
4059,2
4060,2
4061,2
4062,2
4063,1
4064,2
4065,1
4066,2
4067,1
4068,2
4069,3
4070,2
4071,2
4072,1
4073,1
4074,2
4075,2
4076,2
4077,2
4078,1
4079,2
4080,2
4081,1
4082,3
4083,2
4084,2
4085,1
4086,2
4087,1
4088,2
4089,2
4090,3
4091,2
4092,1
4093,2
4094,2
4095,2
4096,2
4097,2
4098,1
4099,2
4100,1
4101,2
4102,2
4103,2
4104,2
4105,1
4106,2
4107,2
4108,1
4109,2
4110,1
4111,2
4112,2
4113,2
4114,3
4115,2
4116,1
4117,2
4118,2
4119,2
4120,2
4121,2
4122,2
4123,2
4124,2
4125,2
4126,4
4127,2
4128,2
4129,3
4130,2
4131,1
4132,3
4133,2
4134,1
4135,2
4136,1
4137,2
4138,2
4139,2
4140,3
4141,2
4142,2
4143,2
4144,2
4145,2
4146,2
4147,2
4148,2
4149,1
4150,5
4151,2
4152,2
4153,1
4154,2
4155,2
4156,2
4157,1
4158,2
4159,2
4160,2
4161,1
4162,2
4163,2
4164,2
4165,2
4166,2
4167,2
4168,2
4169,2
4170,2
4171,3
4172,2
4173,2
4174,1
4175,2
4176,2
4177,2
4178,2
4179,1
4180,2
4181,2
4182,1
4183,3
4184,2
4185,1
4186,1
4187,2
4188,1
4189,3
4190,2
4191,2
4192,2
4193,2
4194,1
4195,2
4196,2
4197,2
4198,2
4199,1
4200,1
4201,3
4202,1
4203,1
4204,3
4205,2
4206,2
4207,1
4208,2
4209,2
4210,1
4211,2
4212,1
4213,2
4214,2
4215,1
4216,2
4217,5
4218,2
4219,2
4220,4
4221,2
4222,2
4223,2
4224,2
4225,2
4226,1
4227,2
4228,2
4229,1
4230,1
4231,2
4232,1
4233,1
4234,2
4235,1
4236,2
4237,2
4238,1
4239,2
4240,2
4241,2
4242,2
4243,1
4244,2
4245,2
4246,2
4247,2
4248,2
4249,2
4250,1
4251,2
4252,2
4253,2
4254,2
4255,2
4256,2
4257,2
4258,2
4259,2
4260,2
4261,2
4262,2
4263,3
4264,2
4265,2
4266,1
4267,1
4268,1
4269,2
4270,2
4271,2
4272,2
4273,2
4274,2
4275,2
4276,1
4277,2
4278,2
4279,1
4280,1
4281,2
4282,2
4283,2
4284,2
4285,2
4286,2
4287,2
4288,2
4289,1
4290,2
4291,1
4292,2
4293,2
4294,1
4295,2
4296,2
4297,2
4298,2
4299,2
4300,1
4301,2
4302,2
4303,2
4304,2
4305,2
4306,2
4307,2
4308,2
4309,1
4310,2
4311,2
4312,2
4313,2
4314,2
4315,2
4316,2
4317,2
4318,2
4319,1
4320,3
4321,2
4322,2
4323,2
4324,2
4325,2
4326,1
4327,1
4328,2
4329,2
4330,2
4331,2
4332,2
4333,2
4334,2
4335,2
4336,2
4337,4
4338,1
4339,2
4340,2
4341,2
4342,2
4343,1
4344,2
4345,2
4346,1
4347,1
4348,2
4349,2
4350,1
4351,2
4352,2
4353,2
4354,2
4355,2
4356,2
4357,2
4358,2
4359,2
4360,2
4361,1
4362,2
4363,2
4364,2
4365,2
4366,2
4367,2
4368,3
4369,2
4370,2
4371,2
4372,2
4373,2
4374,2
4375,2
4376,2
4377,2
4378,2
4379,3
4380,2
4381,3
4382,2
4383,1
4384,2
4385,3
4386,2
4387,2
4388,2
4389,2
4390,3
4391,1
4392,1
4393,2
4394,2
4395,2
4396,1
4397,2
4398,2
4399,1
4400,3
4401,2
4402,2
4403,2
4404,2
4405,1
4406,1
4407,2
4408,1
4409,1
4410,2
4411,4
4412,1
4413,1
4414,2
4415,2
4416,2
4417,2
4418,3
4419,1
4420,1
4421,2
4422,3
4423,1
4424,2
4425,2
4426,3
4427,1
4428,2
4429,2
4430,2
4431,4
4432,3
4433,1
4434,2
4435,2
4436,1
4437,3
4438,3
4439,1
4440,1
4441,1
4442,2
4443,2
4444,1
4445,2
4446,1
4447,2
4448,3
4449,3
4450,1
4451,2
4452,3
4453,1
4454,2
4455,1
4456,1
4457,2
4458,1
4459,1
4460,2
4461,1
4462,2
4463,4
4464,2
4465,2
4466,1
4467,2
4468,1
4469,2
4470,2
4471,2
4472,2
4473,1
4474,1
4475,2
4476,2
4477,2
4478,2
4479,2
4480,3
4481,2
4482,2
4483,2
4484,2
4485,1
4486,2
4487,2
4488,2
4489,2
4490,2
4491,1
4492,2
4493,2
4494,2
4495,1
4496,1
4497,1
4498,1
4499,1
4500,2
4501,2
4502,2
4503,1
4504,2
4505,2
4506,2
4507,2
4508,2
4509,2
4510,2
4511,4
4512,1
4513,2
4514,2
4515,2
4516,1
4517,1
4518,2
4519,2
4520,1
4521,2
4522,3
4523,2
4524,3
4525,2
4526,1
4527,2
4528,2
4529,3
4530,1
4531,2
4532,2
4533,2
4534,1
4535,1
4536,1
4537,3
4538,2
4539,2
4540,2
4541,2
4542,2
4543,2
4544,2
4545,1
4546,2
4547,2
4548,2
4549,1
4550,2
4551,2
4552,4
4553,2
4554,2
4555,2
4556,2
4557,2
4558,2
4559,6
4560,2
4561,2
4562,2
4563,3
4564,1
4565,1
4566,2
4567,2
4568,1
4569,2
4570,2
4571,2
4572,3
4573,1
4574,2
4575,1
4576,2
4577,2
4578,2
4579,3
4580,2
4581,3
4582,1
4583,3
4584,1
4585,2
4586,2
4587,2
4588,1
4589,2
4590,1
4591,2
4592,2
4593,2
4594,2
4595,2
4596,3
4597,2
4598,2
4599,2
4600,3
4601,2
4602,2
4603,1
4604,2
4605,1
4606,1
4607,1
4608,2
4609,2
4610,2
4611,3
4612,2
4613,2
4614,2
4615,2
4616,2
4617,2
4618,1
4619,2
4620,2
4621,2
4622,4
4623,2
4624,1
4625,2
4626,1
4627,2
4628,5
4629,2
4630,1
4631,2
4632,2
4633,2
4634,2
4635,2
4636,1
4637,2
4638,3
4639,3
4640,2
4641,1
4642,1
4643,2
4644,2
4645,1
4646,2
4647,2
4648,1
4649,2
4650,2
4651,2
4652,2
4653,2
4654,2
4655,2
4656,2
4657,2
4658,3
4659,2
4660,2
4661,2
4662,1
4663,2
4664,2
4665,2
4666,4
4667,2
4668,2
4669,2
4670,2
4671,3
4672,2
4673,2
4674,2
4675,2
4676,1
4677,2
4678,1
4679,2
4680,2
4681,2
4682,2
4683,2
4684,2
4685,2
4686,2
4687,2
4688,2
4689,1
4690,2
4691,2
4692,1
4693,2
4694,2
4695,1
4696,2
4697,3
4698,2
4699,2
4700,2
4701,1
4702,1
4703,2
4704,2
4705,1
4706,1
4707,1
4708,1
4709,2
4710,2
4711,1
4712,2
4713,2
4714,2
4715,2
4716,2
4717,2
4718,2
4719,2
4720,1
4721,2
4722,1
4723,1
4724,2
4725,2
4726,2
4727,1
4728,1
4729,2
4730,2
4731,2
4732,2
4733,2
4734,4
4735,1
4736,2
4737,2
4738,1
4739,2
4740,2
4741,1
4742,1
4743,2
4744,1
4745,3
4746,2
4747,1
4748,2
4749,1
4750,2
4751,2
4752,2
4753,1
4754,2
4755,1
4756,3
4757,2
4758,2
4759,3
4760,2
4761,2
4762,1
4763,1
4764,1
4765,3
4766,4
4767,2
4768,3
4769,2
4770,2
4771,2
4772,1
4773,2
4774,2
4775,2
4776,2
4777,2
4778,2
4779,2
4780,2
4781,1
4782,2
4783,2
4784,3
4785,2
4786,3
4787,2
4788,1
4789,2
4790,1
4791,2
4792,2
4793,3
4794,1
4795,3
4796,2
4797,1
4798,1
4799,2
4800,2
4801,2
4802,2
4803,2
4804,2
4805,2
4806,2
4807,1
4808,2
4809,2
4810,2
4811,3
4812,2
4813,3
4814,2
4815,2
4816,2
4817,2
4818,2
4819,2
4820,2
4821,2
4822,2
4823,2
4824,1
4825,2
4826,1
4827,1
4828,3
4829,2
4830,2
4831,1
4832,1
4833,2
4834,1
4835,1
4836,1
4837,1
4838,3
4839,1
4840,2
4841,2
4842,1
4843,1
4844,1
4845,3
4846,2
4847,1
4848,3
4849,2
4850,2
4851,2
4852,1
4853,1
4854,1
4855,1
4856,3
4857,2
4858,2
4859,2
4860,2
4861,2
4862,1
4863,2
4864,3
4865,2
4866,1
4867,2
4868,3
4869,4
4870,4
4871,3
4872,2
4873,2
4874,1
4875,2
4876,2
4877,3
4878,2
4879,2
4880,1
4881,1
4882,1
4883,2
4884,2
4885,3
4886,2
4887,3
4888,2
4889,2
4890,1
4891,2
4892,1
4893,1
4894,2
4895,2
4896,2
4897,3
4898,1
4899,1
4900,1
4901,2
4902,1
4903,2
4904,1
4905,2
4906,1
4907,3
4908,3
4909,2
4910,2
4911,2
4912,3
4913,2
4914,2
4915,2
4916,2
4917,2
4918,1
4919,1
4920,1
4921,1
4922,1
4923,2
4924,1
4925,2
4926,1
4927,2
4928,3
4929,1
4930,1
4931,1
4932,1
4933,2
4934,2
4935,1
4936,2
4937,2
4938,1
4939,1
4940,1
4941,2
4942,2
4943,2
4944,2
4945,2
4946,2
4947,1
4948,2
4949,1
4950,2
4951,2
4952,2
4953,1
4954,2
4955,2
4956,2
4957,3
4958,2
4959,1
4960,2
4961,5
4962,2
4963,2
4964,2
4965,2
4966,2
4967,3
4968,1
4969,2
4970,1
4971,3
4972,2
4973,2
4974,2
4975,2
4976,2
4977,2
4978,2
4979,1
4980,2
4981,1
4982,1
4983,1
4984,4
4985,2
4986,2
4987,3
4988,2
4989,2
4990,2
4991,2
4992,1
4993,2
4994,2
4995,1
4996,2
4997,1
4998,2
4999,2
5000,2
5001,2
5002,2
5003,2
5004,1
5005,1
5006,1
5007,1
5008,2
5009,2
5010,2
5011,1
5012,2
5013,1
5014,2
5015,3
5016,2
5017,2
5018,2
5019,2
5020,2
5021,1
5022,2
5023,2
5024,2
5025,2
5026,2
5027,2
5028,2
5029,2
5030,1
5031,1
5032,1
5033,1
5034,2
5035,2
5036,3
5037,2
5038,2
5039,3
5040,2
5041,2
5042,2
5043,2
5044,1
5045,2
5046,3
5047,1
5048,1
5049,3
5050,4
5051,2
5052,2
5053,2
5054,2
5055,2
5056,1
5057,2
5058,1
5059,1
5060,1
5061,2
5062,1
5063,1
5064,2
5065,2
5066,2
5067,3
5068,2
5069,2
5070,1
5071,2
5072,2
5073,2
5074,2
5075,2
5076,2
5077,1
5078,1
5079,1
5080,4
5081,1
5082,2
5083,1
5084,2
5085,2
5086,2
5087,2
5088,2
5089,2
5090,1
5091,3
5092,2
5093,2
5094,2
5095,2
5096,2
5097,2
5098,1
5099,1
5100,3
5101,2
5102,3
5103,1
5104,1
5105,1
5106,2
5107,2
5108,2
5109,3
5110,2
5111,2
5112,2
5113,2
5114,2
5115,2
5116,2
5117,2
5118,2
5119,2
5120,2
5121,2
5122,2
5123,1
5124,3
5125,2
5126,2
5127,2
5128,1
5129,2
5130,2
5131,2
5132,2
5133,1
5134,2
5135,2
5136,3
5137,2
5138,2
5139,3
5140,2
5141,2
5142,2
5143,1
5144,2
5145,3
5146,2
5147,1
5148,2
5149,3
5150,2
5151,2
5152,1
5153,2
5154,2
5155,1
5156,3
5157,2
5158,1
5159,2
5160,2
5161,1
5162,1
5163,2
5164,2
5165,2
5166,2
5167,1
5168,2
5169,1
5170,2
5171,2
5172,2
5173,1
5174,1
5175,2
5176,3
5177,2
5178,2
5179,3
5180,1
5181,1
5182,3
5183,1
5184,2
5185,2
5186,4
5187,1
5188,1
5189,1
5190,2
5191,2
5192,2
5193,2
5194,2
5195,1
5196,1
5197,1
5198,1
5199,2
5200,2
5201,1
5202,2
5203,1
5204,1
5205,2
5206,2
5207,2
5208,2
5209,2
5210,2
5211,2
5212,2
5213,1
5214,2
5215,2
5216,2
5217,3
5218,1
5219,1
5220,1
5221,2
5222,2
5223,2
5224,2
5225,2
5226,2
5227,2
5228,2
5229,2
5230,2
5231,1
5232,2
5233,2
5234,2
5235,2
5236,2
5237,2
5238,2
5239,2
5240,1
5241,2
5242,1
5243,3
5244,1
5245,3
5246,2
5247,1
5248,1
5249,2
5250,3
5251,2
5252,2
5253,2
5254,2
5255,1
5256,3
5257,4
5258,2
5259,2
5260,2
5261,2
5262,2
5263,2
5264,2
5265,2
5266,2
5267,1
5268,2
5269,2
5270,2
5271,3
5272,2
5273,1
5274,2
5275,2
5276,3
5277,2
5278,2
5279,2
5280,3
5281,2
5282,3
5283,1
5284,3
5285,2
5286,2
5287,2
5288,1
5289,1
5290,2
5291,2
5292,1
5293,1
5294,2
5295,2
5296,2
5297,2
5298,2
5299,1
5300,2
5301,2
5302,2
5303,1
5304,2
5305,2
5306,2
5307,2
5308,2
5309,4
5310,3
5311,1
5312,3
5313,1
5314,2
5315,2
5316,1
5317,2
5318,1
5319,1
5320,1
5321,1
5322,3
5323,2
5324,1
5325,1
5326,1
5327,2
5328,1
5329,2
5330,3
5331,2
5332,2
5333,1
5334,1
5335,1
5336,2
5337,2
5338,2
5339,1
5340,2
5341,2
5342,1
5343,2
5344,2
5345,2
5346,2
5347,1
5348,2
5349,2
5350,2
5351,1
5352,2
5353,2
5354,2
5355,2
5356,1
5357,2
5358,2
5359,1
5360,3
5361,2
5362,1
5363,2
5364,2
5365,5
5366,3
5367,1
5368,2
5369,2
5370,2
5371,2
5372,2
5373,6
5374,2
5375,2
5376,2
5377,2
5378,1
5379,2
5380,6
5381,2
5382,1
5383,2
5384,2
5385,2
5386,1
5387,2
5388,2
5389,1
5390,1
5391,2
5392,1
5393,2
5394,2
5395,3
5396,2
5397,1
5398,2
5399,2
5400,1
5401,1
5402,2
5403,2
5404,2
5405,1
5406,1
5407,2
5408,1
5409,2
5410,1
5411,2
5412,2
5413,2
5414,2
5415,2
5416,2
5417,1
5418,2
5419,1
5420,1
5421,3
5422,2
5423,2
5424,2
5425,1
5426,3
5427,2
5428,2
5429,2
5430,3
5431,2
5432,2
5433,1
5434,1
5435,2
5436,3
5437,2
5438,2
5439,1
5440,2
5441,2
5442,2
5443,2
5444,2
5445,2
5446,1
5447,2
5448,2
5449,2
5450,2
5451,2
5452,2
5453,2
5454,1
5455,2
5456,2
5457,2
5458,2
5459,2
5460,2
5461,2
5462,2
5463,2
5464,2
5465,1
5466,2
5467,2
5468,2
5469,2
5470,1
5471,2
5472,3
5473,3
5474,2
5475,2
5476,2
5477,1
5478,2
5479,2
5480,1
5481,1
5482,1
5483,1
5484,1
5485,1
5486,2
5487,1
5488,2
5489,1
5490,2
5491,2
5492,1
5493,2
5494,2
5495,2
5496,2
5497,2
5498,2
5499,2
5500,1
5501,1
5502,5
5503,2
5504,3
5505,1
5506,1
5507,2
5508,2
5509,2
5510,1
5511,2
5512,2
5513,2
5514,1
5515,2
5516,1
5517,1
5518,1
5519,2
5520,1
5521,1
5522,2
5523,2
5524,2
5525,1
5526,3
5527,2
5528,2
5529,2
5530,1
5531,2
5532,2
5533,2
5534,2
5535,2
5536,2
5537,2
5538,2
5539,1
5540,1
5541,2
5542,1
5543,2
5544,2
5545,3
5546,2
5547,1
5548,2
5549,1
5550,3
5551,1
5552,1
5553,2
5554,1
5555,1
5556,2
5557,2
5558,3
5559,1
5560,2
5561,2
5562,1
5563,2
5564,3
5565,3
5566,2
5567,1
5568,5
5569,2
5570,3
5571,4
5572,2
5573,1
5574,1
5575,2
5576,1
5577,2
5578,1
5579,2
5580,2
5581,2
5582,2
5583,2
5584,1
5585,2
5586,2
5587,1
5588,2
5589,2
5590,2
5591,2
5592,1
5593,2
5594,2
5595,2
5596,2
5597,2
5598,4
5599,2
5600,2
5601,2
5602,1
5603,2
5604,1
5605,2
5606,2
5607,2
5608,2
5609,2
5610,2
5611,2
5612,2
5613,3
5614,1
5615,2
5616,2
5617,1
5618,2
5619,1
5620,1
5621,2
5622,2
5623,2
5624,2
5625,2
5626,2
5627,2
5628,1
5629,1
5630,1
5631,2
5632,1
5633,1
5634,2
5635,2
5636,1
5637,2
5638,2
5639,2
5640,2
5641,2
5642,2
5643,1
5644,2
5645,2
5646,2
5647,2
5648,2
5649,1
5650,2
5651,2
5652,2
5653,2
5654,3
5655,1
5656,3
5657,1
5658,2
5659,2
5660,2
5661,1
5662,3
5663,3
5664,2
5665,2
5666,2
5667,2
5668,2
5669,3
5670,1
5671,2
5672,2
5673,2
5674,2
5675,1
5676,2
5677,2
5678,3
5679,1
5680,2
5681,1
5682,2
5683,2
5684,2
5685,2
5686,2
5687,2
5688,1
5689,1
5690,1
5691,1
5692,2
5693,2
5694,2
5695,3
5696,3
5697,2
5698,2
5699,2
5700,3
5701,2
5702,2
5703,2
5704,1
5705,2
5706,2
5707,1
5708,2
5709,2
5710,1
5711,2
5712,1
5713,1
5714,1
5715,2
5716,2
5717,1
5718,2
5719,1
5720,2
5721,1
5722,2
5723,2
5724,3
5725,2
5726,2
5727,2
5728,1
5729,2
5730,2
5731,2
5732,2
5733,2
5734,2
5735,2
5736,2
5737,2
5738,2
5739,2
5740,2
5741,2
5742,2
5743,1
5744,1
5745,1
5746,5
5747,1
5748,1
5749,1
5750,1
5751,1
5752,1
5753,1
5754,1
5755,2
5756,2
5757,1
5758,2
5759,3
5760,2
5761,2
5762,2
5763,2
5764,1
5765,1
5766,2
5767,3
5768,1
5769,2
5770,2
5771,2
5772,2
5773,1
5774,1
5775,2
5776,2
5777,3
5778,2
5779,3
5780,2
5781,2
5782,1
5783,2
5784,2
5785,2
5786,2
5787,2
5788,2
5789,2
5790,1
5791,1
5792,2
5793,2
5794,2
5795,2
5796,1
5797,2
5798,7
5799,1
5800,1
5801,2
5802,2
5803,3
5804,2
5805,2
5806,2
5807,1
5808,1
5809,2
5810,2
5811,1
5812,1
5813,2
5814,2
5815,3
5816,2
5817,2
5818,2
5819,2
5820,1
5821,2
5822,2
5823,3
5824,2
5825,2
5826,2
5827,3
5828,2
5829,2
5830,2
5831,2
5832,3
5833,2
5834,2
5835,2
5836,2
5837,2
5838,2
5839,1
5840,1
5841,2
5842,2
5843,2
5844,2
5845,1
5846,1
5847,2
5848,2
5849,2
5850,2
5851,2
5852,2
5853,2
5854,3
5855,2
5856,3
5857,2
5858,2
5859,2
5860,1
5861,1
5862,3
5863,2
5864,2
5865,3
5866,1
5867,2
5868,1
5869,2
5870,3
5871,2
5872,2
5873,2
5874,2
5875,1
5876,2
5877,4
5878,1
5879,2
5880,1
5881,2
5882,2
5883,1
5884,2
5885,2
5886,1
5887,2
5888,2
5889,1
5890,1
5891,2
5892,2
5893,1
5894,2
5895,2
5896,1
5897,2
5898,1
5899,2
5900,2
5901,1
5902,1
5903,2
5904,1
5905,1
5906,1
5907,2
5908,2
5909,1
5910,2
5911,1
5912,2
5913,2
5914,2
5915,1
5916,2
5917,2
5918,3
5919,1
5920,2
5921,2
5922,2
5923,1
5924,1
5925,1
5926,1
5927,2
5928,1
5929,1
5930,1
5931,2
5932,2
5933,2
5934,2
5935,3
5936,3
5937,2
5938,2
5939,2
5940,1
5941,2
5942,2
5943,1
5944,1
5945,2
5946,3
5947,1
5948,2
5949,2
5950,2
5951,2
5952,2
5953,3
5954,1
5955,2
5956,2
5957,2
5958,3
5959,3
5960,2
5961,1
5962,3
5963,2
5964,1
5965,1
5966,1
5967,1
5968,2
5969,2
5970,2
5971,1
5972,2
5973,2
5974,1
5975,1
5976,1
5977,1
5978,1
5979,2
5980,1
5981,2
5982,2
5983,2
5984,2
5985,2
5986,2
5987,2
5988,1
5989,1
5990,2
5991,1
5992,2
5993,2
5994,1
5995,1
5996,2
5997,1
5998,2
5999,2
6000,2
6001,2
6002,2
6003,1
6004,2
6005,2
6006,2
6007,1
6008,1
6009,2
6010,1
6011,2
6012,2
6013,1
6014,2
6015,2
6016,1
6017,1
6018,2
6019,2
6020,1
6021,2
6022,2
6023,2
6024,1
6025,3
6026,1
6027,2
6028,4
6029,1
6030,2
6031,2
6032,1
6033,2
6034,1
6035,1
6036,2
6037,1
6038,1
6039,1
6040,2
6041,1
6042,2
6043,2
6044,1
6045,1
6046,2
6047,1
6048,1
6049,1
6050,1
6051,2
6052,1
6053,2
6054,2
6055,2
6056,1
6057,1
6058,1
6059,1
6060,1
6061,1
6062,2
6063,2
6064,1
6065,2
6066,1
6067,1
6068,1
6069,2
6070,2
6071,2
6072,2
6073,2
6074,1
6075,2
6076,3
6077,2
6078,2
6079,1
6080,1
6081,2
6082,2
6083,2
6084,2
6085,2
7001,2
7002,1
7003,1
7004,2
7005,2
7006,2
7007,1
7008,1
7009,2
7010,2
7011,2
7012,2
7013,1
7014,2
7015,1
7016,2
7017,2
7018,3
7019,2
7020,2
7021,2
7022,1
7023,1
7024,1
7025,1
7026,2
7027,1
7028,2
7029,2
7030,1
7031,2
7032,1
7033,2
7034,2
7035,1
7036,1
7037,2
7038,1
7039,1
7040,2
7041,2
7042,2
7043,5
7044,2
7045,2
7046,1
7047,2
7048,2
7049,2
7050,2
7051,2
7052,1
7053,2
7054,2
7055,1
7056,1
7057,2
7058,2
7059,1
7060,2
7061,2
7062,3
7063,2
7064,2
7065,3
7066,2
7067,2
7068,1
7069,2
7070,1
7071,2
7072,1
7073,2
7074,2
7075,2
7076,2
7077,2
7078,1
7079,1
7080,2
7081,1
7082,2
7083,1
7084,2
7085,2
7086,2
7087,3
7088,1
7089,2
7090,2
7091,2
7092,3
7093,2
7094,1
7095,1
7096,2
7097,2
7098,2
7099,2
7100,1
7101,2
7102,2
7103,2
7104,1
7105,2
7106,2
7107,2
7108,1
7109,3
7110,2
7111,2
7112,2
7113,3
7114,2
7115,2
7116,2
7117,2
7118,1
7119,3
7120,2
7121,2
7122,2
7123,1
7124,2
7125,2
7126,2
7127,2
7128,2
7129,2
7130,2
7131,2
7132,1
7133,1
7134,2
7135,2
7136,3
7137,2
7138,2
7139,2
7140,1
7141,1
7142,2
7143,2
7144,2
7145,2
7146,2
7147,2
7148,3
7149,1
7150,2
7151,2
7152,2
7153,2
7154,1
7155,2
7156,3
7157,1
7158,2
7159,1
7160,1
7161,1
7162,2
7163,1
7164,2
7165,2
7166,2
7167,1
7168,1
7169,1
7170,2
7171,2
7172,2
7173,2
7174,2
7175,2
7176,2
7177,2
7178,1
7179,1
7180,2
7181,1
7182,1
7183,2
7184,1
7185,2
7186,2
7187,2
7188,2
7189,1
7190,2
7191,2
7192,2
7193,2
7194,2
7195,2
7196,2
7197,2
7198,1
7199,2
7200,3
7201,1
7202,1
7203,1
7204,2
7205,2
7206,3
7207,2
7208,1
7209,2
7210,2
7211,2
7212,1
7213,2
7214,1
7215,2
7216,1
7217,1
7218,2
7219,2
7220,1
7221,2
7222,1
7223,2
7224,2
7225,3
7226,2
7227,1
7228,2
7229,2
7230,1
7231,1
7232,3
7233,2
7234,1
7235,1
7236,2
7237,1
7238,2
7239,1
7240,2
7241,2
7242,2
7243,2
7244,1
7245,2
7246,1
7247,2
7248,2
7249,2
7250,2
7251,2
7252,1
7253,2
7254,3
7255,2
7256,1
7257,2
7258,2
7259,2
7260,1
7261,2
7262,2
7263,1
7264,2
7265,2
7266,1
7267,1
7268,2
7269,4
7270,2
7271,2
7272,1
7273,2
7274,3
7275,2
7276,2
7277,2
7278,1
7279,2
7280,2
7281,3
7282,2
7283,2
7284,1
7285,2
7286,2
7287,1
7288,2
7289,1
7290,2
7291,1
7292,2
7293,2
7294,2
7295,1
7296,2
7297,2
7298,2
7299,4
7300,2
7301,2
7302,2
7303,2
7304,1
7305,2
7306,1
7307,2
7308,2
7309,2
7310,1
7311,2
7312,2
7313,2
7314,2
7315,4
7316,2
7317,2
7318,2
7319,1
7320,2
7321,1
7322,2
7323,2
7324,1
7325,2
7326,2
7327,2
7328,1
7329,2
7330,2
7331,2
7332,2
7333,2
7334,1
7335,2
7336,2
7337,5
7338,2
7339,2
7340,1
7341,1
7342,1
7343,1
7344,1
7345,1
7346,1
7347,2
7348,2
7349,1
7350,2
7351,1
7352,4
7353,2
7354,2
7355,2
7356,2
7357,3
7358,1
7359,1
7360,1
7361,1
7362,4
7363,2
7364,2
7365,1
7366,2
7367,1
7368,2
7369,2
7370,1
7371,2
7372,3
7373,1
7374,2
7375,2
7376,2
7377,2
7378,2
7379,2
7380,2
7381,3
7382,2
7383,2
7384,2
7385,2
7386,2
7387,1
7388,2
7389,2
7390,1
7391,2
7392,2
7393,3
7394,2
7395,2
7396,3
7397,2
7398,3
7399,2
7400,1
7401,2
7402,1
7403,1
7404,3
7405,3
7406,1
7407,2
7408,2
7409,2
7410,1
7411,2
7412,2
7413,2
7414,1
7415,3
7416,2
7417,2
7418,2
7419,2
7420,2
7421,1
7422,2
7423,2
7424,2
7425,1
7426,1
7427,2
7428,1
7429,1
7430,2
7431,2
7432,2
7433,2
7434,2
7435,2
7436,2
7437,2
7438,3
7439,2
7440,2
7441,2
7442,2
7443,4
7444,3
7445,2
7446,2
7447,1
7448,1
7449,1
7450,1
7451,2
7452,1
7453,4
7454,2
7455,2
7456,2
7457,3
7458,2
7459,2
7460,2
7461,1
7462,2
7463,2
7464,1
7465,1
7466,2
7467,2
7468,2
7469,1
7470,1
7471,2
7472,1
7473,2
7474,2
7475,3
7476,2
7477,2
7478,2
7479,2
7480,2
7481,1
7482,2
7483,2
7484,2
7485,2
7486,2
7487,2
7488,2
7489,1
7490,2
7491,2
7492,2
7493,2
7494,2
7495,2
7496,2
7497,1
7498,2
7499,2
7500,2
7501,2
7502,2
7503,1
7504,3
7505,2
7506,2
7507,2
7508,3
7509,2
7510,3
7511,1
7512,2
7513,2
7514,2
7515,2
7516,2
7517,2
7518,2
7519,2
7520,2
7521,2
7522,2
7523,2
7524,2
7525,2
7526,2
7527,3
7528,2
7529,2
7530,1
7531,2
7532,3
7533,1
7534,2
7535,2
7536,2
7537,2
7538,3
7539,1
7540,2
7541,2
7542,1
7543,2
7544,2
7545,3
7546,2
7547,2
7548,2
7549,2
7550,2
7551,2
7552,2
7553,1
7554,1
7555,1
7556,1
7557,3
7558,2
7559,2
7560,2
7561,2
7562,2
7563,2
7564,2
7565,2
7566,2
7567,2
7568,2
7569,2
7570,2
7571,3
7572,1
7573,2
7574,1
7575,3
7576,1
7577,2
7578,2
7579,2
7580,1
7581,2
7582,2
7583,2
7584,2
7585,2
7586,2
7587,2
7588,2
7589,1
7590,2
7591,1
7592,2
7593,2
7594,2
7595,1
7596,2
7597,2
7598,3
7599,2
7600,2
7601,1
7602,2
7603,1
7604,1
7605,2
7606,1
7607,2
7608,2
7609,1
7610,1
7611,1
7612,2
7613,2
7614,2
7615,2
7616,2
7617,2
7618,2
7619,1
7620,2
7621,1
7622,2
7623,1
7624,2
7625,2
7626,1
7627,2
7628,2
7629,3
7630,2
7631,1
7632,2
7633,1
7634,2
7635,1
7636,3
7637,2
7638,2
7639,1
7640,1
7641,2
7642,2
7643,1
7644,1
7645,2
7646,1
7647,2
7648,2
7649,3
7650,2
7651,2
7652,3
7653,2
7654,2
7655,2
7656,2
7657,3
7658,3
7659,4
7660,2
7661,2
7662,2
7663,2
7664,2
7665,2
7666,1
7667,1
7668,2
7669,3
7670,1
7671,2
7672,2
7673,2
7674,2
7675,2
7676,1
7677,3
7678,2
7679,3
7680,2
7681,2
7682,2
7683,2
7684,2
7685,2
7686,2
7687,2
7688,1
7689,1
7690,2
7691,2
7692,2
7693,1
7694,1
7695,1
7696,1
7697,1
7698,1
7699,1
7700,2
7701,1
7702,2
7703,2
7704,2
7705,1
7706,3
7707,2
7708,1
7709,2
7710,1
7711,1
7712,2
7713,2
7714,2
7715,2
7716,2
7717,1
7718,3
7719,1
7720,2
7721,2
7722,2
7723,1
7724,1
7725,1
7726,2
7727,2
7728,3
7729,2
7730,2
7731,2
7732,1
7733,2
7734,1
7735,1
7736,1
7737,1
7738,1
7739,1
7740,1
7741,1
7742,1
7743,2
7744,2
7745,2
7746,2
7747,2
7748,1
7749,1
7750,2
7751,2
7752,2
7753,2
7754,2
7755,2
7756,1
7757,2
7758,1
7759,2
7760,1
7761,1
7762,2
7763,3
7764,1
7765,1
7766,1
7767,2
7768,1
7769,2
7770,3
7771,2
7772,2
7773,1
7774,1
7775,2
7776,1
7777,2
7778,1
7779,3
7780,2
7781,1
7782,2
7783,2
7784,2
7785,2
7786,2
7787,2
7788,2
7789,2
7790,2
7791,2
7792,2
7793,2
7794,1
7795,2
7796,2
7797,2
7798,2
7799,2
7800,2
7801,2
7802,2
7803,2
7804,2
7805,2
7806,2
7807,2
7808,1
7809,1
7810,1
7811,1
7812,1
7813,2
7814,2
7815,2
7816,2
7817,1
7818,2
7819,2
7820,1
7821,1
7822,1
7823,2
7824,2
7825,1
7826,1
7827,1
7828,2
7829,1
7830,1
7831,2
7832,2
7833,2
7834,2
7835,2
7836,2
7837,2
7838,2
7839,2
7840,1
7841,2
7842,2
7843,1
7844,2
7845,1
7846,1
7847,1
7848,1
7849,1
7850,2
7851,1
7852,2
7853,3
7854,1
7855,1
7856,2
7857,1
7858,2
7859,1
7860,2
7861,1
7862,3
7863,1
7864,2
7865,1
7866,1
7867,1
7868,1
7869,2
7870,1
7871,3
7872,2
7873,1
7874,1
7875,2
7876,2
7877,2
7878,1
7879,2
7880,2
7881,1
7882,2
7883,2
7884,3
7885,2
7886,1
7887,4
7888,2
7889,1
7890,2
7891,1
7892,1
7893,2
7894,2
7895,2
7896,2
7897,2
7898,2
7899,1
7900,2
7901,2
7902,2
7903,2
7904,2
7905,2
7906,2
7907,3
7908,2
7909,2
7910,1
7911,2
7912,2
7913,2
7914,2
7915,3
7916,2
7917,2
7918,2
7919,3
7920,3
7921,2
7922,2
7923,2
7924,1
7925,1
7926,2
7927,2
7928,2
7929,2
7930,3
7931,2
7932,3
7933,2
7934,2
7935,2
7936,2
7937,2
7938,2
7939,2
7940,1
7941,1
7942,1
7943,1
7944,1
7945,2
7946,2
7947,2
7948,1
7949,2
7950,2
7951,1
7952,1
7953,3
7954,2
7955,1
7956,1
7957,3
7958,2
7959,1
7960,1
7961,2
7962,2
7963,1
7964,2
7965,2
7966,2
7967,1
7968,2
7969,2
7970,2
7971,1
7972,2
7973,2
7974,2
7975,2
7976,2
7977,2
7978,2
7979,2
7980,1
7981,2
7982,2
7983,2
7984,3
7985,3
7986,2
7987,2
7988,2
7989,2
7990,1
7991,2
7992,2
7993,2
7994,1
7995,1
7996,1
7997,1
7998,4
7999,3
8000,1
8001,2
8002,3
8003,2
8004,2
8005,2
8006,2
8007,2
8008,2
8009,2
8010,2
8011,2
8012,2
8013,2
8014,2
8015,2
8016,2
8017,2
8018,1
8019,1
8020,2
8021,1
8022,2
8023,1
8024,2
8025,3
8026,1
8027,2
8028,2
8029,2
8030,2
8031,2
8032,3
8033,1
8034,2
8035,2
8036,2
8037,2
8038,1
8039,2
8040,1
8041,1
8042,1
8043,3
8044,3
8045,1
8046,1
8047,2
8048,2
8049,1
8050,2
8051,2
8052,1
8053,2
8054,1
8055,1
8056,2
8057,1
8058,4
8059,1
8060,2
8061,2
8062,1
8063,1
8064,1
8065,1
8066,2
8067,4
8068,3
8069,2
8070,2
8071,2
8072,2
8073,2
8074,2
8075,2
8076,2
8077,3
8078,3
8079,3
8080,3
8081,2
8082,2
8083,2
8084,2
8085,2
8086,5
8087,2
8088,2
8089,2
8090,2
8091,2
8092,1
8093,1
8094,2
8095,2
8096,2
8097,1
8098,1
8099,2
8100,1
8101,1
8102,1
8103,2
8104,2
8105,1
8106,3
8107,1
8108,1
8109,1
8110,2
8111,2
8112,1
8113,1
8114,2
8115,2
8116,1
8117,2
8118,2
8119,2
8120,2
8121,2
8122,1
8123,1
8124,2
8125,3
8126,2
8127,2
8128,1
8129,2
8130,2
8131,1
8132,1
8133,3
8134,1
8135,2
8136,2
8137,1
8138,2
8139,2
8140,1
8141,2
8142,2
8143,3
8144,1
8145,1
8146,2
8147,2
8148,1
8149,2
8150,2
8151,2
8152,2
8153,2
8154,2
8155,1
8156,1
8157,3
8158,1
8159,2
8160,2
8161,2
8162,2
8163,2
8164,2
8165,2
8166,2
8167,2
8168,2
8169,2
8170,2
8171,2
8172,2
8173,1
8174,2
8175,2
8176,2
8177,2
8178,2
8179,1
8180,2
8181,2
8182,2
8183,1
8184,2
8185,2
8186,2
8187,2
8188,2
8189,3
8190,1
8191,2
8192,2
8193,2
8194,1
8195,3
8196,2
8197,2
8198,2
8199,2
8200,2
8201,2
8202,2
8203,2
8204,1
8205,2
8206,1
8207,1
8208,1
8209,1
8210,1
8211,1
8212,1
8213,2
8214,2
8215,2
8216,1
8217,2
8218,2
8219,1
8220,2
8221,2
8222,1
8223,1
8224,2
8225,1
8226,1
8227,1
8228,2
8229,3
8230,1
8231,1
8232,2
8233,2
8234,2
8235,1
8236,3
8237,2
8238,3
8239,2
8240,2
8241,2
8242,1
8243,1
8244,2
8245,1
8246,2
8247,1
8248,2
8249,2
8250,2
8251,2
8252,2
8253,2
8254,1
8255,3
8256,1
8257,2
8258,1
8259,2
8260,1
8261,1
8262,2
8263,2
8264,2
8265,2
8266,2
8267,2
8268,2
8269,2
8270,1
8271,1
8272,3
8273,2
8274,2
8275,3
8276,2
8277,3
8278,2
8279,2
8280,2
8281,2
8282,3
8283,2
8284,3
8285,2
8286,1
8287,2
8288,2
8289,2
8290,2
8291,2
8292,2
8293,3
8294,1
8295,1
8296,2
8297,2
8298,1
8299,2
8300,2
8301,3
8302,2
8303,1
8304,2
8305,2
8306,2
8307,3
8308,1
8309,1
8310,2
8311,2
8312,1
8313,2
8314,2
8315,3
8316,2
8317,2
8318,2
8319,2
8320,2
8321,2
8322,2
8323,2
8324,2
8325,3
8326,2
8327,1
8328,2
8329,1
8330,1
8331,1
8332,3
8333,3
8334,2
8335,2
8336,1
8337,1
8338,2
8339,2
8340,2
8341,2
8342,2
8343,2
8344,4
8345,2
8346,2
8347,2
8348,1
8349,1
8350,3
8351,2
8352,1
8353,1
8354,2
8355,1
8356,2
8357,2
8358,2
8359,2
8360,2
8361,2
8362,2
8363,1
8364,2
8365,3
8366,2
8367,1
8368,2
8369,1
8370,4
8371,2
8372,2
8373,2
8374,2
8375,2
8376,2
8377,2
8378,2
8379,2
8380,2
8381,1
8382,2
8383,2
8384,2
8385,1
8386,2
8387,2
8388,2
8389,2
8390,2
8391,2
8392,1
8393,2
8394,1
8395,2
8396,1
8397,2
8398,2
8399,2
8400,2
8401,2
8402,2
8403,2
8404,2
8405,1
8406,2
8407,1
8408,2
8409,1
8410,2
8411,2
8412,3
8413,1
8414,2
8415,1
8416,2
8417,2
8418,2
8419,2
8420,2
8421,1
8422,1
8423,2
8424,2
8425,2
8426,2
8427,3
8428,2
8429,1
8430,1
8431,1
8432,2
8433,2
8434,4
8435,2
8436,2
8437,3
8438,3
8439,2
8440,2
8441,1
8442,2
8443,2
8444,2
8445,1
8446,3
8447,2
8448,2
8449,1
8450,4
8451,2
8452,1
8453,2
8454,2
8455,2
8456,1
8457,1
8458,1
8459,1
8460,2
8461,1
8462,2
8463,2
8464,1
8465,1
8466,2
8467,2
8468,1
8469,1
8470,2
8471,2
8472,2
8473,3
8474,2
8475,1
8476,2
8477,2
8478,2
8479,2
8480,2
8481,2
8482,2
8483,1
8484,1
8485,2
8486,3
8487,2
8488,2
8489,1
8490,2
8491,1
8492,2
8493,2
8494,2
8495,2
8496,2
8497,2
8498,2
8499,1
8500,4
8501,2
8502,2
8503,2
8504,2
8505,2
8506,2
8507,2
8508,2
8509,2
8510,2
8511,1
8512,2
8513,2
8514,2
8515,2
8516,2
8517,1
8518,2
8519,2
8520,2
8521,3
8522,1
8523,2
8524,2
8525,2
8526,1
8527,2
8528,2
8529,1
8530,2
8531,1
8532,2
8533,2
8534,2
8535,3
8536,4
8537,1
8538,1
8539,1
8540,1
8541,1
8542,2
8543,3
8544,2
8545,2
8546,1
8547,1
8548,2
8549,2
8550,2
8551,2
8552,2
8553,1
8554,2
8555,2
8556,2
8557,2
8558,2
8559,2
8560,3
8561,2
8562,1
8563,1
8564,1
8565,2
8566,2
8567,2
8568,1
8569,1
8570,2
8571,1
8572,2
8573,1
8574,2
8575,1
8576,3
8577,1
8578,1
8579,2
8580,1
8581,1
8582,2
8583,1
8584,2
8585,2
8586,2
8587,2
8588,2
8589,3
8590,2
8591,2
8592,1
8593,1
8594,1
8595,1
8596,1
8597,2
8598,1
8599,1
8600,2
8601,3
8602,2
8603,3
8604,1
8605,2
8606,2
8607,2
8608,2
8609,1
8610,2
8611,2
8612,2
8613,2
8614,2
8615,2
8616,2
8617,2
8618,2
8619,1
8620,2
8621,2
8622,2
8623,2
8624,1
8625,2
8626,2
8627,1
8628,2
8629,2
8630,1
8631,2
8632,2
8633,2
8634,2
8635,2
8636,1
8637,2
8638,1
8639,2
8640,2
8641,2
8642,1
8643,2
8644,2
8645,2
8646,1
8647,1
8648,2
8649,2
8650,4
8651,3
8652,3
8653,3
8654,2
8655,2
8656,3
8657,2
8658,2
8659,3
8660,2
8661,2
8662,2
8663,2
8664,1
8665,2
8666,2
8667,1
8668,2
8669,2
8670,2
8671,2
8672,2
8673,2
8674,2
8675,2
8676,2
8677,2
8678,1
8679,1
8680,1
8681,2
8682,2
8683,2
8684,2
8685,1
8686,2
8687,2
8688,2
8689,2
8690,2
8691,2
8692,2
8693,2
8694,2
8695,2
8696,2
8697,2
8698,2
8699,2
8700,1
8701,1
8702,2
8703,2
8704,4
8705,2
8706,2
8707,1
8708,2
8709,2
8710,2
8711,2
8712,1
8713,1
8714,1
8715,1
8716,3
8717,2
8718,2
8719,2
8720,3
8721,3
8722,1
8723,2
8724,2
8725,2
8726,1
8727,2
8728,1
8729,2
8730,2
8731,2
8732,2
8733,2
8734,3
8735,2
8736,2
8737,3
8738,2
8739,2
8740,2
8741,1
8742,1
8743,1
8744,1
8745,2
8746,2
8747,3
8748,2
8749,2
8750,2
8751,2
8752,2
8753,2
8754,2
8755,3
8756,2
8757,2
8758,3
8759,2
8760,2
8761,2
8762,2
8763,2
8764,2
8765,1
8766,2
8767,1
8768,2
8769,2
8770,2
8771,2
8772,2
8773,2
8774,2
8775,1
8776,2
8777,2
8778,2
8779,2
8780,1
8781,2
8782,3
8783,1
8784,2
8785,2
8786,1
8787,2
8788,1
8789,1
8790,3
8791,2
8792,2
8793,2
8794,5
8795,2
8796,1
8797,1
8798,1
8799,2
8800,2
8801,1
8802,2
8803,2
8804,4
8805,1
8806,2
8807,2
8808,2
8809,2
8810,2
8811,2
8812,2
8813,2
8814,2
8815,3
8816,2
8817,1
8818,2
8819,2
8820,3
8821,2
8822,2
8823,2
8824,3
8825,2
8826,2
8827,2
8828,1
8829,2
8830,2
8831,2
8832,1
8833,2
8834,2
8835,2
8836,2
8837,2
8838,2
8839,1
8840,3
8841,1
8842,3
8843,2
8844,2
8845,2
8846,2
8847,1
8848,2
8849,2
8850,2
8851,2
8852,1
8853,2
8854,2
8855,2
8856,2
8857,2
8858,1
8859,2
8860,2
8861,2
8862,1
8863,2
8864,2
8865,2
8866,1
8867,2
8868,1
8869,2
8870,2
8871,2
8872,2
8873,2
8874,2
8875,2
8876,1
8877,1
8878,1
8879,1
8880,2
8881,2
8882,2
8883,2
8884,1
8885,2
8886,2
8887,1
8888,2
8889,2
8890,3
8891,2
8892,2
8893,1
8894,2
8895,1
8896,2
8897,2
8898,1
8899,1
8900,1
8901,1
8902,2
8903,2
8904,3
8905,2
8906,2
8907,1
8908,2
8909,1
8910,2
8911,2
8912,2
8913,2
8914,1
8915,2
8916,2
8917,1
8918,2
8919,2
8920,2
8921,2
8922,2
8923,2
8924,2
8925,2
8926,1
8927,1
8928,2
8929,2
8930,1
8931,1
8932,2
8933,2
8934,2
8935,2
8936,1
8937,2
8938,1
8939,2
8940,2
8941,2
8942,2
8943,2
8944,2
8945,2
8946,2
8947,2
8948,2
8949,2
8950,2
8951,3
8952,2
8953,2
8954,2
8955,2
8956,2
8957,2
8958,2
8959,2
8960,2
8961,2
8962,2
8963,2
8964,2
8965,2
8966,1
8967,2
8968,2
8969,2
8970,2
8971,3
8972,2
8973,2
8974,3
8975,2
8976,2
8977,1
8978,2
8979,2
8980,1
8981,1
8982,3
8983,3
8984,1
8985,3
8986,2
8987,1
8988,1
8989,1
8990,2
8991,1
8992,2
8993,3
8994,2
8995,2
8996,2
8997,2
8998,2
8999,2
9000,2
9001,2
9002,2
9003,2
9004,2
9005,2
9006,2
9007,2
9008,2
9009,1
9010,2
9011,2
9012,2
9013,2
9014,1
9015,1
9016,1
9017,2
9018,2
9019,2
9020,1
9021,2
9022,1
9023,1
9024,2
9025,2
9026,2
9027,2
9028,2
9029,1
9030,2
9031,1
9032,1
9033,1
9034,1
9035,1
9036,2
9037,3
9038,2
9039,3
9040,1
9041,2
9042,2
9043,1
9044,2
9045,1
9046,1
9047,1
9048,2
9049,2
9050,2
9051,2
9052,2
9053,2
9054,2
9055,2
9056,3
9057,2
9058,2
9059,3
9060,2
9061,2
9062,2
9063,2
9064,2
9065,1
9066,2
9067,2
9068,2
9069,2
9070,2
9071,2
9072,2
9073,2
9074,2
9075,2
9076,2
9077,2
9078,2
9079,2
9080,2
9081,2
9082,2
9083,1
9084,2
9085,3
9086,2
9087,2
9088,2
9089,2
9090,2
9091,2
9092,2
9093,2
9094,1
9095,2
9096,4
9097,1
9098,2
9099,2
9100,2
9101,1
9102,2
9103,2
9104,2
9105,2
9106,2
9107,2
9108,2
9109,2
9110,2
9111,1
9112,1
9113,2
9114,3
9115,2
9116,2
9117,2
9118,2
9119,1
9120,1
9121,2
9122,2
9123,2
9124,1
9125,2
9126,3
9127,2
9128,1
9129,2
9130,2
9131,2
9132,1
9133,2
9134,2
9135,1
9136,1
9137,2
9138,2
9139,1
9140,2
9141,2
9142,2
9143,2
9144,2
9145,2
9146,2
9147,2
9148,2
9149,1
9150,1
9151,2
9152,2
9153,3
9154,2
9155,3
9156,2
9157,2
9158,1
9159,2
9160,2
9161,2
9162,2
9163,2
9164,2
9165,2
9166,2
9167,1
9168,2
9169,1
9170,2
9171,2
9172,2
9173,2
9174,2
9175,2
9176,1
9177,2
9178,4
9179,2
9180,2
9181,2
9182,2
9183,1
9184,2
9185,2
9186,2
9187,2
9188,2
9189,2
9190,2
9191,2
9192,2
9193,2
9194,2
9195,2
9196,2
9197,2
9198,2
9199,3
9200,2
9201,2
9202,2
9203,2
9204,3
9205,2
9206,2
9207,2
9208,2
9209,1
9210,2
9211,2
9212,2
9213,2
9214,2
9215,2
9216,2
9217,2
9218,2
9219,2
9220,1
9221,2
9222,2
9223,2
9224,3
9225,2
9226,2
9227,2
9228,2
9229,2
9230,2
9231,2
9232,2
9233,2
9234,2
9235,3
9236,3
9237,3
9238,2
9239,2
9240,2
9241,2
9242,2
9243,2
9244,3
9245,1
9246,2
9247,1
9248,2
9249,2
9250,2
9251,2
9252,2
9253,2
9254,2
9255,2
9256,1
9257,2
9258,1
9259,1
9260,1
9261,1
9262,1
9263,2
9264,2
9265,2
9266,2
9267,2
9268,2
9269,2
9270,2
9271,2
9272,2
9273,3
9274,2
9275,2
9276,2
9277,2
9278,1
9279,2
9280,2
9281,2
9282,2
9283,2
9284,1
9285,2
9286,2
9287,2
9288,3
9289,1
9290,2
9291,2
9292,1
9293,1
9294,2
9295,2
9296,2
9297,2
9298,2
9299,2
9300,2
9301,2
9302,2
9303,2
9304,2
9305,3
9306,2
9307,2
9308,2
9309,1
9310,2
9311,2
9312,2
9313,2
9314,2
9315,2
9316,2
9317,2
9318,2
9319,2
9320,3
9321,2
9322,2
9323,3
9324,2
9325,1
9326,2
9327,2
9328,4
9329,1
9330,1
9331,2
9332,3
9333,1
9334,1
9335,1
9336,2
9337,2
9338,1
9339,2
9340,2
9341,2
9342,1
9343,2
9344,2
9345,2
9346,1
9347,2
9348,1
9349,1
9350,1
9351,2
9352,1
9353,2
9354,2
9355,2
9356,1
9357,2
9358,2
9359,2
9360,2
9361,2
9362,2
9363,1
9364,2
9365,2
9366,2
9367,2
9368,2
9369,3
9370,2
9371,4
9372,3
9373,1
9374,1
9375,2
9376,2
9377,1
9378,1
9379,3
9380,2
9381,2
9382,2
9383,2
9384,1
9385,2
9386,5
9387,2
9388,2
9389,2
9390,2
9391,2
9392,2
9393,2
9394,1
9395,2
9396,2
9397,2
9398,1
9399,1
9400,1
9401,1
9402,2
9403,1
9404,1
9405,2
9406,2
9407,3
9408,1
9409,2
9410,1
9411,2
9412,2
9413,2
9414,2
9415,2
9416,2
9417,2
9418,1
9419,2
9420,2
9421,3
9422,3
9423,2
9424,2
9425,2
9426,2
9427,2
9428,4
9429,1
9430,3
9431,2
9432,2
9433,2
9434,2
9435,2
9436,1
9437,1
9438,1
9439,2
9440,2
9441,2
9442,2
9443,2
9444,2
9445,2
9446,1
9447,2
9448,1
9449,2
9450,2
9451,2
9452,1
9453,1
9454,2
9455,1
9456,1
9457,1
9458,1
9459,3
9460,1
9461,2
9462,1
9463,1
9464,1
9465,2
9466,2
9467,1
9468,2
9469,2
9470,2
9471,2
9472,2
9473,2
9474,2
9475,2
9476,1
9477,2
9478,2
9479,3
9480,2
9481,1
9482,2
9483,2
9484,2
9485,2
9486,2
9487,1
9488,1
9489,2
9490,1
9491,3
9492,2
9493,2
9494,2
9495,3
9496,2
9497,2
9498,1
9499,3
9500,1
9501,3
9502,2
9503,3
9504,2
9505,2
9506,2
9507,2
9508,1
9509,2
9510,1
9511,2
9512,1
9513,1
9514,2
9515,2
9516,2
9517,1
9518,2
9519,5
9520,1
9521,2
9522,2
9523,2
9524,2
9525,2
9526,1
9527,2
9528,2
9529,2
9530,1
9531,2
9532,1
9533,1
9534,2
9535,5
9536,3
9537,2
9538,2
9539,2
9540,3
9541,1
9542,3
9543,2
9544,1
9545,1
9546,1
9547,1
9548,2
9549,2
9550,2
9551,2
9552,3
9553,5
9554,2
9555,2
9556,2
9557,2
9558,1
9559,2
9560,2
9561,2
9562,2
9563,1
9564,1
9565,1
9566,1
9567,2
9568,2
9569,2
9570,2
9571,2
9572,1
9573,2
9574,2
9575,2
9576,2
9577,1
9578,3
9579,2
9580,1
9581,2
9582,3
9583,1
9584,2
9585,3
9586,2
9587,2
9588,2
9589,3
9590,1
9591,1
9592,2
9593,1
9594,3
9595,1
9596,2
9597,2
9598,2
9599,2
9600,2
9601,2
9602,1
9603,1
9604,2
9605,2
9606,2
9607,3
9608,2
9609,2
9610,2
9611,2
9612,2
9613,3
9614,2
9615,2
9616,2
9617,1
9618,2
9619,1
9620,2
9621,3
9622,2
9623,2
9624,2
9625,2
9626,2
9627,4
9628,2
9629,2
9630,1
9631,2
9632,2
9633,1
9634,2
9635,2
9636,2
9637,2
9638,2
9639,2
9640,2
9641,2
9642,2
9643,1
9644,2
9645,2
9646,2
9647,2
9648,2
9649,1
9650,1
9651,2
9652,1
9653,1
9654,2
9655,2
9656,2
9657,2
9658,2
9659,2
9660,1
9661,1
9662,3
9663,2
9664,1
9665,1
9666,2
9667,1
9668,1
9669,3
9670,1
9671,2
9672,2
9673,2
9674,2
9675,2
9676,1
9677,1
9678,1
9679,1
9680,2
9681,3
9682,2
9683,2
9684,2
9685,2
9686,2
9687,2
9688,1
9689,1
9690,2
9691,2
9692,1
9693,2
9694,1
9695,2
9696,2
9697,1
9698,1
9699,1
9700,2
9701,1
9702,2
9703,2
9704,2
9705,1
9706,1
9707,2
9708,2
9709,3
9710,2
9711,2
9712,1
9713,1
9714,2
9715,2
9716,2
9717,2
9718,2
9719,3
9720,1
9721,2
9722,2
9723,2
9724,2
9725,2
9726,2
9727,2
9728,2
9729,1
9730,2
9731,2
9732,2
9733,3
9734,2
9735,2
9736,2
9737,3
9738,2
9739,1
9740,2
9741,4
9742,2
9743,2
9744,2
9745,1
9746,2
9747,2
9748,2
9749,2
9750,2
9751,2
9752,1
9753,2
9754,1
9755,1
9756,2
9757,2
9758,1
9759,2
9760,2
9761,2
9762,2
9763,2
9764,1
9765,1
9766,2
9767,1
9768,2
9769,2
9770,2
9771,3
9772,2
9773,3
9774,1
9775,2
9776,2
9777,2
9778,2
9779,2
9780,2
9781,2
9782,1
9783,1
9784,2
9785,1
9786,2
9787,1
9788,2
9789,2
9790,2
9791,2
9792,2
9793,1
9794,2
9795,1
9796,1
9797,2
9798,2
9799,1
9800,2
9801,2
9802,2
9803,1
9804,2
9805,2
9806,2
9807,2
9808,1
9809,2
9810,2
9811,2
9812,2
9813,2
9814,1
9815,2
9816,1
9817,2
9818,1
9819,2
9820,2
9821,2
9822,2
9823,2
9824,2
9825,1
9826,2
9827,2
9828,2
9829,1
9830,2
9831,1
9832,2
9833,2
9834,2
9835,2
9836,2
9837,1
9838,2
9839,2
9840,1
9841,1
9842,2
9843,3
9844,2
9845,1
9846,2
9847,2
9848,1
9849,2
9850,2
9851,2
9852,2
9853,1
9854,2
9855,2
9856,2
9857,2
9858,2
9859,2
9860,2
9861,3
9862,2
9863,1
9864,2
9865,1
9866,2
9867,2
9868,2
9869,2
9870,2
9871,2
9872,2
9873,1
9874,1
9875,3
9876,1
9877,2
9878,2
9879,1
9880,2
9881,1
9882,2
9883,2
9884,1
9885,2
9886,2
9887,2
9888,2
9889,1
9890,2
9891,1
9892,2
9893,2
9894,2
9895,2
9896,1
9897,2
9898,3
9899,2
9900,2
9901,4
9902,2
9903,4
9904,1
9905,2
9906,2
9907,2
9908,2
9909,2
9910,2
9911,2
9912,2
9913,4
9914,2
9915,1
9916,2
9917,1
9918,2
9919,1
9920,1
9921,2
9922,2
9923,2
9924,2
9925,1
9926,2
9927,1
9928,2
9929,1
9930,3
9931,2
9932,2
9933,1
9934,1
9935,1
9936,1
9937,1
9938,1
9939,2
9940,2
9941,1
9942,1
9943,2
9944,2
9945,3
9946,1
9947,2
9948,1
9949,1
9950,2
9951,1
9952,2
9953,2
9954,2
9955,1
9956,2
9957,1
9958,1
9959,2
9960,2
9961,2
9962,2
9963,2
9964,2
9965,2
9966,2
9967,1
9968,1
9969,2
9970,2
9971,5
9972,2
9973,2
9974,2
9975,2
9976,2
9977,2
9978,3
9979,1
9980,2
9981,2
9982,2
9983,1
9984,1
9985,2
9986,2
9987,2
9988,2
9989,2
9990,2
9991,2
9992,2
9993,2
9994,1
9995,2
9996,2
9997,2
9998,2
9999,1
10000,2
10001,2
10002,2
10003,2
10004,2
10005,1
10006,2
10007,2
10008,2
10009,1
10010,1
10011,2
10012,2
10013,2
10014,2
10015,2
10016,2
10017,2
10018,2
10019,2
10020,3
10021,1
10022,3
10023,1
10024,1
10025,2
10026,5
10027,1
10028,2
10029,2
10030,3
10031,1
10032,1
10033,2
10034,1
10035,2
10036,1
10037,2
10038,2
10039,2
10040,2
10041,2
10042,1
10043,2
10044,2
10045,2
10046,2
10047,1
10048,1
10049,2
10050,2
10051,2
10052,1
10053,1
10054,2
10055,2
10056,4
10057,2
10058,2
10059,2
10060,2
10061,3
10062,1
10063,2
10064,2
10065,1
10066,2
10067,2
10068,2
10069,2
10070,1
10071,1
10072,1
10073,2
10074,2
10075,2
10076,2
10077,2
10078,2
10079,1
10080,2
10081,2
10082,2
10083,2
10084,4
10085,2
10086,1
10087,2
10088,2
10089,2
10090,2
10091,2
10092,1
10093,1
10094,2
10095,2
10096,2
10097,1
10098,1
10099,2
10100,2
10101,2
10102,2
10103,1
10104,2
10105,1
10106,4
10107,2
10108,2
10109,2
10110,2
10111,2
10112,2
10113,3
10114,1
10115,1
10116,1
10117,2
10118,1
10119,2
10120,2
10121,2
10122,3
10123,1
10124,2
10125,3
10126,2
10127,2
10128,2
10129,3
10130,1
10131,2
10132,1
10133,2
10134,2
10135,1
10136,2
10137,2
10138,2
10139,1
10140,1
10141,1
10142,2
10143,2
10144,1
10145,2
10146,2
10147,2
10148,2
10149,2
10150,2
10151,1
10152,1
10153,1
10154,2
10155,2
10156,2
10157,2
10158,2
10159,2
10160,1
10161,1
10162,1
10163,2
10164,2
10165,2
10166,2
10167,3
10168,2
10169,1
10170,1
10171,2
10172,2
10173,2
10174,2
10175,2
10176,2
10177,2
10178,2
10179,2
10180,2
10181,1
10182,2
10183,2
10184,2
10185,2
10186,2
10187,2
10188,1
10189,2
10190,2
10191,2
10192,4
10193,2
10194,2
10195,1
10196,2
10197,2
10198,2
10199,1
10200,1
10201,2
10202,2
10203,2
10204,1
10205,2
10206,2
10207,1
10208,4
10209,1
10210,1
10211,1
10212,2
10213,3
10214,2
10215,4
10216,2
10217,2
10218,2
10219,1
10220,2
10221,2
10222,2
10223,1
10224,2
10225,1
10226,2
10227,1
10228,1
10229,1
10230,2
10231,2
10232,2
10233,2
10234,2
10235,2
10236,1
10237,2
10238,1
10239,2
10240,2
10241,2
10242,2
10243,3
10244,2
10245,1
10246,2
10247,2
10248,2
10249,2
10250,3
10251,3
10252,1
10253,2
10254,2
10255,2
10256,2
10257,3
10258,2
10259,1
10260,3
10261,1
10262,2
10263,3
10264,2
10265,3
10266,2
10267,1
10268,1
10269,2
10270,2
10271,2
10272,2
10273,1
10274,2
10275,2
10276,2
10277,1
10278,1
10279,2
10280,2
10281,2
10282,1
10283,2
10284,1
10285,3
10286,3
10287,2
10288,1
10289,2
10290,1
10291,3
10292,2
10293,3
10294,3
10295,2
10296,2
10297,2
10298,2
10299,2
10300,2
10301,2
10302,3
10303,2
10304,1
10305,2
10306,2
10307,1
10308,2
10309,2
10310,2
10311,2
10312,1
10313,2
10314,2
10315,2
10316,1
10317,1
10318,2
10319,1
10320,2
10321,1
10322,2
10323,2
10324,2
10325,1
10326,1
10327,2
10328,2
10329,1
10330,1
10331,3
10332,2
10333,3
10334,2
10335,1
10336,2
10337,2
10338,3
10339,2
10340,1
10341,3
10342,3
10343,2
10344,2
10345,1
10346,2
10347,2
10348,2
10349,2
10350,2
10351,2
10352,2
10353,4
10354,2
10355,1
10356,2
10357,2
10358,1
10359,3
10360,2
10361,2
10362,2
10363,2
10364,3
10365,1
10366,1
10367,1
10368,2
10369,2
10370,2
10371,3
10372,2
10373,2
10374,2
10375,2
10376,2
10377,2
10378,1
10379,2
10380,1
10381,2
10382,4
10383,1
10384,2
10385,3
10386,2
10387,2
10388,2
10389,2
10390,3
10391,1
10392,2
10393,2
10394,2
10395,2
10396,2
10397,1
10398,2
10399,2
10400,2
10401,2
10402,1
10403,2
10404,2
10405,2
10406,2
10407,2
10408,2
10409,2
10410,4
10411,2
10412,2
10413,2
10414,1
10415,1
10416,2
10417,2
10418,2
10419,1
10420,2
10421,2
10422,3
10423,2
10424,1
10425,2
10426,1
10427,2
10428,1
10429,3
10430,1
10431,1
10432,2
10433,1
10434,1
10435,2
10436,1
10437,1
10438,2
10439,2
10440,1
10441,1
10442,2
10443,3
10444,1
10445,2
10446,2
10447,2
10448,1
10449,1
10450,3
10451,1
10452,1
10453,1
10454,2
10455,2
10456,2
10457,2
10458,2
10459,1
10460,2
10461,2
10462,2
10463,2
10464,2
10465,2
10466,1
10467,2
10468,1
10469,2
10470,2
10471,2
10472,2
10473,2
10474,2
10475,2
10476,2
10477,1
10478,2
10479,2
10480,1
10481,2
10482,2
10483,1
10484,1
10485,2
10486,1
10487,2
10488,2
10489,1
10490,1
10491,2
10492,2
10493,2
10494,2
10495,2
10496,4
10497,2
10498,2
10499,2
10500,2
10501,1
10502,2
10503,2
10504,2
10505,2
10506,1
10507,1
10508,2
10509,2
10510,1
10511,1
10512,1
10513,2
10514,2
10515,2
10516,2
10517,2
10518,2
10519,2
10520,1
10521,2
10522,3
10523,2
10524,2
10525,1
10526,2
10527,1
10528,1
10529,2
10530,3
10531,2
10532,2
10533,2
10534,2
10535,2
10536,2
10537,2
10538,3
10539,1
10540,2
10541,1
10542,1
10543,2
10544,1
10545,2
10546,2
10547,2
10548,1
10549,5
10550,2
10551,1
10552,1
10553,2
10554,1
10555,2
10556,2
10557,1
10558,2
10559,2
10560,2
10561,2
10562,2
10563,1
10564,2
10565,2
10566,2
10567,1
10568,2
10569,2
10570,2
10571,1
10572,2
10573,2
10574,2
10575,2
10576,2
10577,2
10578,1
10579,2
10580,2
10581,2
10582,1
10583,3
10584,2
10585,2
10586,1
10587,2
10588,2
10589,1
10590,2
10591,1
10592,1
10593,2
10594,2
10595,2
10596,2
10597,2
10598,2
10599,2
10600,2
10601,2
10602,2
10603,1
10604,3
10605,2
10606,2
10607,1
10608,2
10609,2
10610,2
10611,2
10612,2
10613,2
10614,2
10615,2
10616,1
10617,2
10618,2
10619,2
10620,2
10621,1
10622,2
10623,2
10624,1
10625,1
10626,1
10627,2
10628,2
10629,1
10630,1
10631,2
10632,2
10633,2
10634,2
10635,1
10636,2
10637,2
10638,1
10639,2
10640,2
10641,2
10642,2
10643,2
10644,2
10645,2
10646,1
10647,2
10648,2
10649,2
10650,2
10651,2
10652,2
10653,2
10654,2
10655,2
10656,3
10657,2
10658,2
10659,1
10660,2
10661,1
10662,2
10663,1
10664,1
10665,1
10666,1
10667,1
10668,2
10669,2
10670,2
10671,7
10672,2
10673,2
10674,2
10675,2
10676,2
10677,2
10678,1
10679,2
10680,1
10681,1
10682,2
10683,2
10684,1
10685,2
10686,1
10687,1
10688,2
10689,2
10690,1
10691,2
10692,3
10693,2
10694,1
10695,2
10696,2
10697,2
10698,1
10699,2
10700,2
10701,3
10702,3
10703,2
10704,2
10705,2
10706,3
10707,2
10708,2
10709,2
10710,2
10711,1
10712,1
10713,2
10714,2
10715,1
10716,2
10717,1
10718,1
10719,2
10720,2
10721,2
10722,1
10723,1
10724,2
10725,1
10726,2
10727,3
10728,2
10729,2
10730,1
10731,2
10732,1
10733,1
10734,2
10735,2
10736,2
10737,2
10738,2
10739,2
10740,2
10741,2
10742,2
10743,1
10744,3
10745,2
10746,2
10747,2
10748,1
10749,1
10750,2
10751,2
10752,4
10753,2
10754,8
10755,1
10756,2
10757,2
10758,1
10759,2
10760,2
10761,2
10762,1
10763,2
10764,3
10765,2
10766,2
10767,1
10768,1
10769,3
10770,2
10771,1
10772,2
10773,2
10774,1
10775,2
10776,2
10777,1
10778,2
10779,2
10780,2
10781,2
10782,1
10783,1
10784,1
10785,2
10786,2
10787,1
10788,2
10789,2
10790,3
10791,1
10792,3
10793,1
10794,1
10795,2
10796,2
10797,2
10798,2
10799,2
10800,1
10801,2
10802,1
10803,2
10804,2
10805,1
10806,1
10807,6
10808,2
10809,2
10810,2
10811,1
10812,2
10813,1
10814,2
10815,2
10816,1
10817,2
10818,1
10819,2
10820,2
10821,1
10822,2
10823,2
10824,2
10825,2
10826,2
10827,2
10828,2
10829,2
10830,2
10831,2
10832,2
10833,2
10834,2
10835,2
10836,3
10837,2
10838,2
10839,2
10840,2
10841,2
10842,2
10843,2
10844,2
10845,1
10846,2
10847,2
10848,2
10849,1
10850,1
10851,2
10852,4
10853,2
10854,1
10855,2
10856,2
10857,2
10858,4
10859,2
10860,3
10861,2
10862,2
10863,1
10864,1
10865,2
10866,2
10867,2
10868,2
10869,1
10870,2
10871,2
10872,2
10873,2
10874,2
10875,2
10876,1
10877,1
10878,2
10879,1
10880,2
10881,2
10882,2
10883,2
10884,1
10885,2
10886,2
10887,2
10888,1
10889,1
10890,2
10891,2
10892,2
10893,2
10894,2
10895,2
10896,2
10897,1
10898,2
10899,1
10900,2
10901,2
10902,3
10903,1
10904,1
10905,2
10906,2
10907,2
10908,2
10909,1
10910,3
10911,3
10912,4
10913,2
10914,2
10915,2
10916,2
10917,2
10918,2
10919,2
10920,1
10921,1
10922,3
10923,2
10924,2
10925,1
10926,3
10927,2
10928,2
10929,2
10930,2
10931,1
10932,2
10933,1
10934,2
10935,3
10936,2
10937,3
10938,2
10939,2
10940,2
10941,2
10942,2
10943,2
10944,2
10945,4
10946,2
10947,2
10948,1
10949,2
10950,1
10951,1
10952,1
10953,2
10954,2
10955,2
10956,2
10957,2
10958,1
10959,2
10960,1
10961,1
10962,2
10963,2
10964,2
10965,2
10966,1
10967,2
10968,2
10969,2
10970,2
10971,2
10972,2
10973,2
10974,2
10975,1
10976,1
10977,2
10978,1
10979,1
10980,2
10981,1
10982,2
10983,2
10984,2
10985,2
10986,2
10987,2
10988,1
10989,5
10990,2
10991,2
10992,1
10993,1
10994,2
10995,2
10996,2
10997,2
10998,2
10999,2
11000,2
11001,2
11002,1
11003,2
11004,3
11005,2
11006,1
11007,2
11008,1
11009,1
11010,1
11011,1
11012,2
11013,2
11014,2
11015,2
11016,2
11017,3
11018,2
11019,2
11020,2
11021,2
11022,2
11023,2
11024,2
11025,4
11026,2
11027,2
11028,2
11029,2
11030,2
11031,2
11032,3
11033,2
11034,2
11035,3
11036,2
11037,2
11038,1
11039,2
11040,3
11041,1
11042,1
11043,2
11044,1
11045,1
11046,2
11047,2
11048,2
11049,2
11050,2
11051,2
11052,1
11053,3
11054,2
11055,2
11056,1
11057,1
11058,2
11059,2
11060,1
11061,2
11062,2
11063,2
11064,2
11065,2
11066,2
11067,1
11068,2
11069,2
11070,1
11071,1
11072,1
11073,2
11074,2
11075,1
11076,2
11077,2
11078,1
11079,1
11080,2
11081,2
11082,2
11083,2
11084,1
11085,2
11086,2
11087,2
11088,2
11089,1
11090,2
11091,2
11092,2
11093,1
11094,2
11095,1
11096,2
11097,1
11098,2
11099,1
11100,1
11101,2
11102,2
11103,1
11104,1
11105,2
11106,3
11107,1
11108,3
11109,2
11110,2
11111,3
11112,2
11113,2
11114,2
11115,2
11116,2
11117,2
11118,2
11119,1
11120,1
11121,2
11122,2
11123,2
11124,2
11125,2
11126,2
11127,2
11128,3
11129,2
11130,2
11131,1
11132,2
11133,2
11134,2
11135,1
11136,1
11137,1
11138,2
11139,2
11140,2
11141,2
11142,2
11143,1
11144,2
11145,2
11146,2
11147,2
11148,2
11149,2
11150,1
11151,2
11152,2
11153,2
11154,2
11155,2
11156,2
11157,1
11158,1
11159,2
11160,2
11161,2
11162,2
11163,2
11164,2
11165,2
11166,2
11167,1
11168,1
11169,1
11170,2
11171,2
11172,1
11173,1
11174,2
11175,1
11176,1
11177,1
11178,2
11179,1
11180,2
11181,2
11182,2
11183,2
11184,1
11185,1
11186,2
11187,1
11188,2
11189,2
11190,2
11191,1
11192,2
11193,2
11194,3
11195,1
11196,2
11197,2
11198,2
11199,2
11200,1
11201,1
11202,2
11203,2
11204,2
11205,2
11206,2
11207,2
11208,1
11209,2
11210,1
11211,2
11212,2
11213,2
11214,2
11215,2
11216,2
11217,2
11218,2
11219,1
11220,2
11221,2
11222,1
11223,2
11224,2
11225,2
11226,1
11227,2
11228,2
11229,1
11230,3
11231,2
11232,2
11233,2
11234,1
11235,3
11236,3
11237,1
11238,2
11239,1
11240,2
11241,2
11242,1
11243,1
11244,4
11245,2
11246,2
11247,1
11248,2
11249,2
11250,2
11251,2
11252,2
11253,2
11254,2
11255,2
11256,3
11257,2
11258,2
11259,2
11260,2
11261,2
11262,2
11263,2
11264,2
11265,3
11266,3
11267,2
11268,1
11269,2
11270,2
11271,2
11272,2
11273,2
11274,1
11275,1
11276,1
11277,2
11278,2
11279,2
11280,2
11281,2
11282,2
11283,2
11284,1
11285,2
11286,2
11287,2
11288,2
11289,2
11290,1
11291,2
11292,2
11293,1
11294,1
11295,2
11296,1
11297,1
11298,2
11299,2
11300,2
11301,2
11302,2
11303,1
11304,1
11305,1
11306,3
11307,2
11308,1
11309,1
11310,2
11311,3
11312,1
11313,2
11314,3
11315,2
11316,2
11317,3
11318,3
11319,1
11320,2
11321,2
11322,1
11323,2
11324,1
11325,1
11326,2
11327,4
11328,2
11329,2
11330,2
11331,2
11332,2
11333,2
11334,2
11335,1
11336,1
11337,3
11338,1
11339,2
11340,2
11341,1
11342,1
11343,1
11344,2
11345,4
11346,2
11347,2
11348,2
11349,2
11350,2
11351,1
11352,2
11353,2
11354,2
11355,1
11356,2
11357,2
11358,1
11359,1
11360,1
11361,1
11362,1
11363,1
11364,2
11365,2
11366,3
11367,1
11368,2
11369,2
11370,2
11371,2
11372,2
11373,2
11374,1
11375,2
11376,3
11377,1
11378,2
11379,2
11380,3
11381,2
11382,2
11383,2
11384,1
11385,2
11386,3
11387,2
11388,2
11389,1
11390,2
11391,2
11392,3
11393,2
11394,1
11395,3
11396,1
11397,2
11398,2
11399,1
11400,3
11401,2
11402,3
11403,2
11404,2
11405,2
11406,2
11407,2
11408,2
11409,2
11410,1
11411,2
11412,1
11413,1
11414,1
11415,1
11416,2
11417,2
11418,2
11419,2
11420,1
11421,2
11422,2
11423,2
11424,2
11425,1
11426,3
11427,3
11428,1
11429,2
11430,2
11431,1
11432,1
11433,2
11434,1
11435,1
11436,1
11437,2
11438,2
11439,2
11440,3
11441,1
11442,2
11443,2
11444,2
11445,2
11446,2
11447,3
11448,2
11449,2
11450,2
11451,2
11452,2
11453,1
11454,2
11455,2
11456,2
11457,4
11458,2
11459,2
11460,2
11461,1
11462,2
11463,1
11464,3
11465,2
11466,2
11467,1
11468,2
11469,3
11470,2
11471,1
11472,2
11473,2
11474,1
11475,2
11476,3
11477,2
11478,2
11479,1
11480,2
11481,2
11482,2
11483,3
11484,2
11485,2
11486,2
11487,2
11488,2
11489,2
11490,2
11491,1
11492,2
11493,1
11494,2
11495,3
11496,1
11497,2
11498,2
11499,2
11500,2
11501,3
11502,2
11503,3
11504,3
11505,2
11506,2
11507,1
11508,2
11509,2
11510,2
11511,2
11512,2
11513,2
11514,2
11515,1
11516,5
11517,2
11518,1
11519,1
11520,3
11521,2
11522,2
11523,2
11524,2
11525,2
11526,2
11527,2
11528,2
11529,2
11530,2
11531,2
11532,2
11533,1
11534,2
11535,2
11536,2
11537,1
11538,2
11539,2
11540,2
11541,2
11542,2
11543,1
11544,2
11545,1
11546,2
11547,2
11548,2
11549,2
11550,2
11551,2
11552,1
11553,1
11554,2
11555,2
11556,2
11557,1
11558,1
11559,1
11560,2
11561,2
11562,2
11563,2
11564,2
11565,1
11566,2
11567,1
11568,2
11569,2
11570,1
11571,3
11572,2
11573,2
11574,2
11575,2
11576,2
11577,3
11578,2
11579,3
11580,2
11581,2
11582,2
11583,2
11584,2
11585,1
11586,3
11587,2
11588,2
11589,1
11590,1
11591,1
11592,2
11593,2
11594,2
11595,2
11596,2
11597,1
11598,2
11599,4
11600,1
11601,2
11602,4
11603,4
11604,3
11605,2
11606,1
11607,2
11608,2
11609,2
11610,2
11611,2
11612,2
11613,2
11614,1
11615,2
11616,4
11617,2
11618,2
11619,1
11620,2
11621,2
11622,2
11623,2
11624,2
11625,2
11626,2
11627,2
11628,1
11629,2
11630,2
11631,2
11632,2
11633,2
11634,2
11635,2
11636,2
11637,3
11638,2
11639,2
11640,2
11641,2
11642,2
11643,2
11644,3
11645,1
11646,2
11647,2
11648,2
11649,2
11650,2
11651,2
11652,2
11653,2
11654,2
11655,2
11656,2
11657,3
11658,3
11659,2
11660,2
11661,2
11662,3
11663,2
11664,2
11665,2
11666,5
11667,2
11668,2
11669,1
11670,1
11671,1
11672,1
11673,2
11674,1
11675,2
11676,2
11677,2
11678,2
11679,2
11680,2
11681,3
11682,2
11683,3
11684,2
11685,1
11686,2
11687,2
11688,1
11689,2
11690,1
11691,2
11692,3
11693,1
11694,2
11695,2
11696,2
11697,1
11698,2
11699,2
11700,2
11701,2
11702,3
11703,1
11704,2
11705,1
11706,1
11707,2
11708,1
11709,2
11710,3
11711,2
11712,1
11713,2
11714,2
11715,1
11716,2
11717,1
11718,2
11719,3
11720,2
11721,2
11722,2
11723,2
11724,2
11725,2
11726,3
11727,2
11728,2
11729,3
11730,2
11731,1
11732,1
11733,1
11734,1
11735,2
11736,2
11737,2
11738,2
11739,2
11740,2
11741,1
11742,2
11743,2
11744,2
11745,2
11746,3
11747,1
11748,2
11749,2
11750,2
11751,1
11752,1
11753,2
11754,2
11755,2
11756,2
11757,1
11758,2
11759,1
11760,1
11761,2
11762,2
11763,2
11764,2
11765,2
11766,1
11767,3
11768,4
11769,1
11770,1
11771,1
11772,2
11773,2
11774,1
11775,2
11776,3
11777,2
11778,2
11779,2
11780,2
11781,2
11782,2
11783,2
11784,2
11785,2
11786,3
11787,2
11788,2
11789,2
11790,2
11791,2
11792,2
11793,2
11794,2
11795,2
11796,2
11797,2
11798,2
11799,2
11800,3
11801,3
11802,2
11803,2
11804,2
11805,3
11806,1
11807,2
11808,2
11809,2
11810,3
11811,2
11812,1
11813,2
11814,2
11815,2
11816,1
11817,2
11818,2
11819,1
11820,1
11821,2
11822,1
11823,2
11824,2
11825,2
11826,2
11827,1
11828,1
11829,2
11830,2
11831,2
11832,2
11833,1
11834,1
11835,2
11836,1
11837,2
11838,2
11839,2
11840,2
11841,2
11842,2
11843,1
11844,3
11845,2
11846,2
11847,2
11848,1
11849,2
11850,2
11851,2
11852,2
11853,2
11854,2
11855,2
11856,2
11857,2
11858,1
11859,1
11860,1
11861,2
11862,2
11863,2
11864,1
11865,3
11866,2
11867,2
11868,2
11869,1
11870,2
11871,1
11872,2
11873,2
11874,2
11875,2
11876,2
11877,1
11878,2
11879,1
11880,1
11881,2
11882,2
11883,2
11884,2
11885,1
11886,2
11887,2
11888,2
11889,2
11890,2
11891,1
11892,1
11893,2
11894,2
11895,1
11896,1
11897,1
11898,1
11899,2
11900,1
11901,2
11902,2
11903,2
11904,3
11905,2
11906,2
11907,1
11908,1
11909,1
11910,1
11911,2
11912,2
11913,2
11914,1
11915,2
11916,2
11917,2
11918,2
11919,2
11920,1
11921,2
11922,1
11923,4
11924,2
11925,3
11926,2
11927,2
11928,4
11929,2
11930,2
11931,5
11932,2
11933,2
11934,2
11935,3
11936,1
11937,1
11938,2
11939,2
11940,2
11941,1
11942,2
11943,1
11944,3
11945,2
11946,1
11947,1
11948,1
11949,1
11950,6
11951,2
11952,1
11953,2
11954,2
11955,1
11956,4
11957,2
11958,2
11959,2
11960,2
11961,2
11962,2
11963,1
11964,1
11965,2
11966,1
11967,2
11968,1
11969,2
11970,1
11971,2
11972,2
11973,1
11974,3
11975,3
11976,2
11977,1
11978,1
11979,3
11980,2
11981,2
11982,1
11983,2
11984,2
11985,2
11986,2
11987,2
11988,2
11989,1
11990,2
11991,1
11992,1
11993,2
11994,2
11995,1
11996,1
11997,1
11998,1
11999,2
12000,3
12001,1
12002,2
12003,2
12004,2
12005,2
12006,2
12007,2
12008,2
12009,3
12010,2
12011,2
12012,2
12013,2
12014,2
12015,2
12016,2
12017,2
12018,2
12019,1
12020,2
12021,2
12022,3
12023,1
12024,1
12025,1
12026,2
12027,1
12028,2
12029,1
12030,1
12031,4
12032,2
12033,2
12034,2
12035,2
12036,1
12037,2
12038,2
12039,2
12040,2
12041,2
12042,3
12043,1
12044,2
12045,3
12046,1
12047,2
12048,2
12049,2
12050,2
12051,2
12052,1
12053,2
12054,2
12055,2
12056,2
12057,2
12058,2
12059,1
12060,2
12061,2
12062,2
12063,1
12064,1
12065,2
12066,2
12067,1
12068,1
12069,1
12070,3
12071,3
12072,2
12073,2
12074,2
12075,1
12076,2
12077,2
12078,2
12079,2
12080,2
12081,4
12082,3
12083,2
12084,1
12085,2
12086,2
12087,2
12088,2
12089,1
12090,2
12091,1
12092,2
12093,3
12094,1
12095,2
12096,1
12097,2
12098,3
12099,1
12100,1
12101,2
12102,2
12103,2
12104,1
12105,2
12106,3
12107,1
12108,2
12109,2
12110,1
12111,1
12112,2
12113,1
12114,3
12115,2
12116,2
12117,1
12118,2
12119,2
12120,3
12121,2
12122,1
12123,2
12124,2
12125,2
12126,2
12127,2
12128,2
12129,1
12130,1
12131,1
12132,2
12133,2
12134,3
12135,2
12136,2
12137,2
12138,2
12139,1
12140,2
12141,2
12142,2
12143,2
12144,2
12145,2
12146,2
12147,2
12148,2
12149,2
12150,2
12151,3
12152,3
12153,2
12154,3
12155,2
12156,2
12157,1
12158,2
12159,3
12160,2
12161,2
12162,2
12163,2
12164,2
12165,1
12166,1
12167,2
12168,2
12169,3
12170,2
12171,2
12172,3
12173,2
12174,2
12175,2
12176,3
12177,1
12178,1
12179,2
12180,2
12181,1
12182,3
12183,1
12184,1
12185,2
12186,2
12187,2
12188,3
12189,2
12190,2
12191,2
12192,2
12193,1
12194,3
12195,3
12196,3
12197,2
12198,2
12199,1
12200,2
12201,1
12202,1
12203,3
12204,1
12205,2
12206,2
12207,1
12208,2
12209,1
12210,3
12211,2
12212,1
12213,2
12214,2
12215,2
12216,1
12217,1
12218,2
12219,2
12220,1
12221,2
12222,2
12223,2
12224,2
12225,2
12226,1
12227,2
12228,3
12229,1
12230,2
12231,2
12232,1
12233,2
12234,2
12235,2
12236,1
12237,2
12238,2
12239,1
12240,2
12241,2
12242,2
12243,1
12244,2
12245,2
12246,1
12247,1
12248,1
12249,2
12250,1
12251,2
12252,2
12253,2
12254,1
12255,2
12256,3
12257,2
12258,2
12259,2
12260,1
12261,2
12262,1
12263,2
12264,2
12265,2
12266,2
12267,2
12268,2
12269,2
12270,4
12271,2
12272,3
12273,2
12274,2
12275,1
12276,2
12277,2
12278,1
12279,2
12280,2
12281,2
12282,2
12283,1
12284,2
12285,1
12286,2
12287,1
12288,1
12289,2
12290,3
12291,3
12292,2
12293,2
12294,2
12295,3
12296,2
12297,1
12298,2
12299,2
12300,2
12301,2
12302,2
12303,1
12304,2
12305,2
12306,3
12307,1
12308,2
12309,2
12310,2
12311,1
12312,1
12313,2
12314,2
12315,2
12316,2
12317,3
12318,2
12319,2
12320,1
12321,1
12322,1
12323,2
12324,1
12325,2
12326,3
12327,1
12328,2
12329,2
12330,2
12331,2
12332,1
12333,2
12334,2
12335,1
12336,1
12337,1
12338,1
12339,2
12340,1
12341,1
12342,2
12343,1
12344,1
12345,2
12346,2
12347,2
12348,2
12349,2
12350,2
12351,2
12352,2
12353,2
12354,1
12355,2
12356,1
12357,1
12358,3
12359,2
12360,2
12361,2
12362,1
12363,2
12364,3
12365,1
12366,3
12367,2
12368,2
12369,3
12370,2
12371,1
12372,2
12373,2
12374,2
12375,1
12376,2
12377,1
12378,2
12379,2
12380,2
12381,2
12382,2
12383,2
12384,5
12385,1
12386,2
12387,2
12388,1
12389,1
12390,1
12391,1
12392,1
12393,3
12394,2
12395,2
12396,2
12397,2
12398,2
12399,3
12400,1
12401,2
12402,1
12403,2
12404,2
12405,2
12406,1
12407,2
12408,2
12409,2
12410,1
12411,1
12412,2
12413,3
12414,2
12415,2
12416,2
12417,2
12418,2
12419,2
12420,3
12421,2
12422,2
12423,2
12424,3
12425,2
12426,3
12427,2
12428,2
12429,1
12430,2
12431,2
12432,3
12433,2
12434,1
12435,2
12436,3
12437,2
12438,2
12439,2
12440,1
12441,2
12442,2
12443,2
12444,2
12445,2
12446,2
12447,2
12448,2
12449,2
12450,1
12451,2
12452,2
12453,3
12454,1
12455,1
12456,2
12457,2
12458,2
12459,2
12460,2
12461,2
12462,2
12463,2
12464,3
12465,1
12466,2
12467,2
12468,2
12469,2
12470,2
12471,2
12472,2
12473,2
12474,2
12475,2
12476,1
12477,3
12478,2
12479,1
12480,2
12481,2
12482,1
12483,3
12484,3
12485,1
12486,2
12487,2
12488,3
12489,2
12490,2
12491,2
12492,3
12493,1
12494,1
12495,2
12496,2
12497,2
12498,2
12499,2
12500,2
12501,3
12502,1
12503,3
12504,2
12505,1
12506,2
12507,2
12508,2
12509,2
12510,2
12511,2
12512,2
12513,1
12514,1
12515,2
12516,2
12517,1
12518,1
12519,1
12520,2
12521,2
12522,1
12523,2
12524,2
12525,3
12526,1
12527,4
12528,2
12529,2
12530,1
12531,1
12532,2
12533,2
12534,2
12535,1
12536,2
12537,2
12538,1
12539,1
12540,2
12541,1
12542,2
12543,2
12544,1
12545,2
12546,2
12547,2
12548,2
12549,2
12550,1
12551,3
12552,2
12553,1
12554,1
12555,1
12556,2
12557,2
12558,3
12559,1
12560,1
12561,2
12562,1
12563,2
12564,2
12565,3
12566,2
12567,2
12568,2
12569,2
12570,2
12571,3
12572,1
12573,2
12574,2
12575,2
12576,1
12577,2
12578,2
12579,1
12580,2
12581,2
12582,2
12583,3
12584,2
12585,1
12586,2
12587,2
12588,2
12589,1
12590,2
12591,2
12592,1
12593,2
12594,2
12595,1
12596,1
12597,2
12598,2
12599,1
12600,2
12601,2
12602,2
12603,2
12604,2
12605,2
12606,3
12607,2
12608,2
12609,2
12610,1
12611,3
12612,2
12613,1
12614,2
12615,2
12616,2
12617,2
12618,2
12619,2
12620,2
12621,1
12622,2
12623,2
12624,2
12625,2
12626,2
12627,2
12628,1
12629,2
12630,1
12631,2
12632,3
12633,2
12634,2
12635,2
12636,1
12637,3
12638,1
12639,2
12640,3
12641,2
12642,3
12643,2
12644,1
12645,2
12646,2
12647,2
12648,3
12649,2
12650,1
12651,2
12652,1
12653,3
12654,1
12655,2
12656,2
12657,3
12658,1
12659,3
12660,2
12661,2
12662,2
12663,3
12664,1
12665,3
12666,1
12667,2
12668,1
12669,1
12670,1
12671,1
12672,1
12673,1
12674,1
12675,1
12676,2
12677,2
12678,2
12679,2
12680,3
12681,2
12682,1
12683,2
12684,3
12685,2
12686,2
12687,1
12688,1
12689,2
12690,2
12691,2
12692,2
12693,2
12694,2
12695,2
12696,3
12697,2
12698,1
12699,4
12700,1
12701,1
12702,2
12703,2
12704,2
12705,2
12706,1
12707,1
12708,2
12709,1
12710,1
12711,2
12712,2
12713,2
12714,2
12715,2
12716,2
12717,2
12718,2
12719,2
12720,2
12721,2
12722,3
12723,1
12724,2
12725,6
12726,1
12727,2
12728,2
12729,1
12730,2
12731,2
12732,2
12733,1
12734,2
12735,2
12736,2
12737,2
12738,2
12739,2
12740,1
12741,3
12742,2
12743,2
12744,3
12745,1
12746,1
12747,2
12748,1
12749,1
12750,1
12751,2
12752,2
12753,2
12754,2
12755,3
12756,2
12757,2
12758,1
12759,2
12760,2
12761,1
12762,2
12763,2
12764,2
12765,1
12766,2
12767,2
12768,2
12769,2
12770,2
12771,1
12772,2
12773,1
12774,1
12775,1
12776,1
12777,3
12778,2
12779,1
12780,2
12781,1
12782,2
12783,2
12784,2
12785,1
12786,2
12787,2
12788,3
12789,2
12790,2
12791,2
12792,2
12793,2
12794,2
12795,4
12796,2
12797,3
12798,2
12799,2
12800,2
12801,1
12802,3
12803,1
12804,2
12805,2
12806,1
12807,1
12808,1
12809,3
12810,1
12811,2
12812,1
12813,1
12814,1
12815,2
12816,2
12817,2
12818,2
12819,1
12820,2
12821,2
12822,1
12823,2
12824,2
12825,1
12826,1
12827,1
12828,1
12829,2
12830,1
12831,2
12832,2
12833,2
12834,5
12835,1
12836,2
12837,2
12838,1
12839,1
12840,3
12841,2
12842,1
12843,1
12844,3
12845,2
12846,2
12847,1
12848,2
12849,2
12850,2
12851,1
12852,2
12853,2
12854,1
12855,2
12856,1
12857,2
12858,1
12859,1
12860,3
12861,2
12862,2
12863,2
12864,2
12865,1
12866,2
12867,1
12868,4
12869,1
12870,2
12871,2
12872,2
12873,2
12874,2
12875,3
12876,2
12877,2
12878,2
12879,4
12880,2
12881,1
12882,2
12883,2
12884,2
12885,2
12886,3
12887,2
12888,2
12889,1
12890,2
12891,2
12892,3
12893,1
12894,2
12895,1
12896,2
12897,2
12898,1
12899,2
12900,2
12901,2
12902,3
12903,2
12904,2
12905,2
12906,2
12907,2
12908,2
12909,1
12910,2
12911,1
12912,1
12913,2
12914,2
12915,1
12916,2
12917,2
12918,2
12919,3
12920,2
12921,1
12922,2
12923,2
12924,2
12925,2
12926,3
12927,1
12928,2
12929,2
12930,1
12931,1
12932,1
12933,1
12934,2
12935,2
12936,2
12937,2
12938,2
12939,1
12940,2
12941,2
12942,2
12943,2
12944,2
12945,1
12946,3
12947,2
12948,1
12949,1
12950,2
12951,1
12952,2
12953,1
12954,1
12955,2
12956,2
12957,2
12958,2
12959,3
12960,2
12961,2
12962,2
12963,1
12964,1
12965,2
12966,2
12967,1
12968,1
12969,2
12970,2
12971,2
12972,4
12973,1
12974,2
12975,3
12976,3
12977,2
12978,2
12979,3
12980,1
12981,2
12982,1
12983,2
12984,2
12985,2
12986,3
12987,2
12988,1
12989,1
12990,2
12991,2
12992,2
12993,2
12994,2
12995,1
12996,2
12997,2
12998,2
12999,4
13000,2
13001,1
13002,2
13003,3
13004,2
13005,2
13006,1
13007,2
13008,1
13009,2
13010,2
13011,2
13012,2
13013,1
13014,2
13015,1
13016,1
13017,2
13018,2
13019,1
13020,1
13021,1
13022,2
13023,2
13024,1
13025,2
13026,2
13027,2
13028,2
13029,1
13030,4
13031,1
13032,4
13033,1
13034,1
13035,2
13036,1
13037,2
13038,1
13039,1
13040,2
13041,2
13042,2
13043,2
13044,1
13045,2
13046,2
13047,2
13048,2
13049,2
13050,2
13051,2
13052,2
13053,2
13054,1
13055,2
13056,1
13057,2
13058,2
13059,2
13060,1
13061,3
13062,4
13063,2
13064,2
13065,2
13066,2
13067,1
13068,1
13069,1
13070,1
13071,3
13072,2
13073,3
13074,1
13075,1
13076,1
13077,2
13078,2
13079,2
13080,1
13081,2
13082,2
13083,2
13084,4
13085,1
13086,2
13087,1
13088,1
13089,1
13090,1
13091,2
13092,2
13093,2
13094,1
13095,2
13096,1
13097,1
13098,2
13099,1
13100,1
13101,2
13102,2
13103,1
13104,1
13105,1
13106,2
13107,2
13108,2
13109,3
13110,1
13111,2
13112,2
13113,2
13114,1
13115,2
13116,2
13117,2
13118,4
13119,2
13120,1
13121,2
13122,1
13123,2
13124,2
13125,3
13126,1
13127,2
13128,2
13129,2
13130,2
13131,2
13132,3
13133,2
13134,2
13135,1
13136,2
13137,1
13138,2
13139,1
13140,2
13141,2
13142,2
13143,1
13144,2
13145,2
13146,2
13147,1
